\set ON_ERROR_STOP on
begin;

create function public.transfer_test_assert(p_condition boolean,p_message text) returns void language plpgsql as $$ begin if not p_condition then raise exception 'ASSERT: %',p_message; end if; end $$;
create function public.transfer_test_expect_failure(p_sql text,p_fragment text) returns void language plpgsql as $$ begin begin execute p_sql; exception when others then if position(p_fragment in sqlerrm)=0 then raise; end if; return; end; raise exception 'ASSERT: expected failure (%)',p_fragment; end $$;
create function public.transfer_test_physical_grain_mismatches(p_profile uuid,p_unit uuid,p_grains jsonb) returns integer language sql stable as $$
 with grains as (
   select (value->>'location_id')::uuid as location_id,(value->>'batch_id')::uuid as batch_id,
          p_profile as inventory_item_profile_id,p_unit as inventory_item_unit_id,
          'system'::public.inventory_recording_channel as recording_channel,
          (value->>'disposition')::public.inventory_stock_disposition as disposition
   from jsonb_array_elements(p_grains)
 ), ledger as (
   select le.location_id,le.inventory_item_profile_id,le.batch_id,le.inventory_item_unit_id,le.recording_channel,le.disposition,sum(le.quantity_base) as quantity_base
   from public.inventory_ledger_entries le where le.account_type='physical'
   group by le.location_id,le.inventory_item_profile_id,le.batch_id,le.inventory_item_unit_id,le.recording_channel,le.disposition
 ), projection as (
   select bp.location_id,bp.inventory_item_profile_id,bp.batch_id,bp.recording_channel,bp.disposition,sum(bp.quantity_base) as quantity_base
   from public.inventory_balance_projections bp
   group by bp.location_id,bp.inventory_item_profile_id,bp.batch_id,bp.recording_channel,bp.disposition
 )
 select count(*)::integer from grains g
 left join ledger l using(location_id,inventory_item_profile_id,batch_id,inventory_item_unit_id,recording_channel,disposition)
 left join projection p using(location_id,inventory_item_profile_id,batch_id,recording_channel,disposition)
 where coalesce(l.quantity_base,0) is distinct from coalesce(p.quantity_base,0);
$$;
grant execute on function public.transfer_test_assert(boolean,text),public.transfer_test_expect_failure(text,text),public.transfer_test_physical_grain_mismatches(uuid,uuid,jsonb) to authenticated;

do $$
declare t uuid:='71000000-0000-0000-0000-000000000001'; o uuid:='71000000-0000-0000-0000-000000000002'; f uuid:='71000000-0000-0000-0000-000000000003'; d uuid:='71000000-0000-0000-0000-000000000004'; u uuid:='71000000-0000-0000-0000-000000000005'; approver uuid:='71000000-0000-0000-0000-000000000026'; narrow uuid:='71000000-0000-0000-0000-000000000085'; role_id uuid:=gen_random_uuid(); approver_role uuid:=gen_random_uuid(); narrow_role uuid:='71000000-0000-0000-0000-000000000086'; ci uuid:='71000000-0000-0000-0000-000000000006'; ip uuid:='71000000-0000-0000-0000-000000000007'; iu uuid:='71000000-0000-0000-0000-000000000008'; src uuid:='71000000-0000-0000-0000-000000000009'; dst uuid:='71000000-0000-0000-0000-000000000010'; child uuid:='71000000-0000-0000-0000-000000000011'; b uuid:='71000000-0000-0000-0000-000000000012';
begin
 insert into public.tenants(id,key,name_en) values(t,'transfer-test','Transfer test'); insert into public.organizations(id,tenant_id,code,name_en) values(o,t,'TR','Transfer'); insert into public.facilities(id,tenant_id,organization_id,code,name_en) values(f,t,o,'TR','Transfer'); insert into public.departments(id,tenant_id,organization_id,facility_id,code,name_en) values(d,t,o,f,'TR','Transfer');
 insert into auth.users(id,instance_id,aud,role,email,encrypted_password,email_confirmed_at,raw_app_meta_data,raw_user_meta_data,created_at,updated_at) values(u,'00000000-0000-0000-0000-000000000000','authenticated','authenticated','transfer@test','not-used',now(),'{}','{}',now(),now()),(approver,'00000000-0000-0000-0000-000000000000','authenticated','authenticated','opening-approver@test','not-used',now(),'{}','{}',now(),now()),(narrow,'00000000-0000-0000-0000-000000000000','authenticated','authenticated','closure-cancel-only@test','not-used',now(),'{}','{}',now(),now());
 insert into public.memberships(user_id,tenant_id,organization_id,facility_id,active) values(u,t,o,f,true),(approver,t,o,f,true),(narrow,t,o,f,true); insert into public.roles(id,key,name_ar,name_en,scope_level) values(role_id,'transfer_test_role','اختبار','Transfer test','facility'),(approver_role,'transfer_opening_approver','اختبار اعتماد','Opening approver','facility'),(narrow_role,'transfer_closure_cancel_only','إغلاق اختبار','Closure cancel only','facility');
 insert into public.role_permissions(role_id,permission_id) select role_id,id from public.permissions where key in ('inventory.manage_locations','inventory.view','inventory.view_ledger','inventory.post_opening','inventory.transfer.view','inventory.transfer.create','inventory.transfer.reserve','inventory.transfer.issue','inventory.transfer.receive','inventory.transfer.reject','inventory.transfer.return','inventory.transfer.dispose','inventory.transfer.cancel','inventory.transfer.close_remainder');
 insert into public.role_permissions(role_id,permission_id) select approver_role,id from public.permissions where key in ('inventory.approve_opening','inventory.view');
 insert into public.role_permissions(role_id,permission_id) select narrow_role,id from public.permissions where key in ('inventory.view','inventory.transfer.view','inventory.transfer.cancel');
 insert into public.user_role_assignments(user_id,role_id,tenant_id,organization_id,facility_id) values(u,role_id,t,o,f),(approver,approver_role,t,o,f),(narrow,narrow_role,t,o,f);
 insert into public.catalog_items(id,item_name_en,created_by,updated_by) values(ci,'Transfer item',u,u); insert into public.inventory_units(id,code,name_en,created_by) values(iu,'TRU','Transfer unit',u); insert into public.inventory_item_profiles(id,tenant_id,organization_id,facility_id,catalog_item_id,created_by,updated_by) values(ip,t,o,f,ci,u,u); insert into public.inventory_item_units(inventory_item_profile_id,inventory_unit_id,multiplier_to_base,is_base_unit,active,created_by,updated_by) values(ip,iu,1,true,true,u,u); update public.inventory_item_profiles set active=true where id=ip;
 insert into public.inventory_locations(id,tenant_id,organization_id,facility_id,department_id,code,name_en,location_kind,created_by,updated_by) values(src,t,o,f,d,'SRC','Source','storage',u,u),(dst,t,o,f,d,'DST','Receiving root','storage',u,u),(child,t,o,f,d,'DST-CHILD','Receiving child','storage',u,u); update public.inventory_locations set parent_location_id=dst where id=child;
 insert into public.inventory_batches(id,inventory_item_profile_id,lot_number,lot_status,expiry_date,expiry_status,created_by,updated_by) values(b,ip,'TR-LOT','known',current_date+30,'known_valid',u,u),('71000000-0000-0000-0000-000000000025',ip,'TR-CLOSURE-LOT','known',current_date+30,'known_valid',u,u),('71000000-0000-0000-0000-000000000065',ip,'TR-LINE-BOUND-A','known',current_date+30,'known_valid',u,u),('71000000-0000-0000-0000-000000000066',ip,'TR-LINE-BOUND-B','known',current_date+30,'known_valid',u,u),('71000000-0000-0000-0000-000000000077',ip,'TR-LIFECYCLE-RESERVED','known',current_date+30,'known_valid',u,u),('71000000-0000-0000-0000-000000000084',ip,'TR-LIFECYCLE-COMPLETED','known',current_date+30,'known_valid',u,u),('71000000-0000-0000-0000-000000000090',ip,'TR-CLOSURE-PERMISSION','known',current_date+30,'known_valid',u,u),('71000000-0000-0000-0000-000000000095',ip,'TR-CLOSURE-LINE-A','known',current_date+30,'known_valid',u,u),('71000000-0000-0000-0000-000000000096',ip,'TR-CLOSURE-LINE-B','known',current_date+30,'known_valid',u,u),('71000000-0000-0000-0000-000000000105',ip,'TR-RESERVATION-AGGREGATE','known',current_date+30,'known_valid',u,u);
end $$;

set local role authenticated;
select set_config('request.jwt.claim.role','authenticated',true),set_config('request.jwt.claim.sub','71000000-0000-0000-0000-000000000005',true);

-- Seed stock through the public Phase One opening workflow.  The physical
-- source entry and its external-control counterpart are posted atomically;
-- inventory_apply_projection is therefore the only writer of the projection.
select id as opening_base_unit from public.inventory_item_units where inventory_item_profile_id='71000000-0000-0000-0000-000000000007' and is_base_unit and active \gset
select public.create_inventory_opening_command(
  '71000000-0000-0000-0000-000000000001',
  '71000000-0000-0000-0000-000000000002',
  '71000000-0000-0000-0000-000000000003',
  'opening',
  jsonb_build_array(
    jsonb_build_object('profile_id','71000000-0000-0000-0000-000000000007','batch_id','71000000-0000-0000-0000-000000000012','unit_id',:'opening_base_unit','channel','system','account_type','physical','location_id','71000000-0000-0000-0000-000000000009','disposition','available','quantity_base',20),
    jsonb_build_object('profile_id','71000000-0000-0000-0000-000000000007','batch_id','71000000-0000-0000-0000-000000000012','unit_id',:'opening_base_unit','channel','system','account_type','external_control','quantity_base',-20),
    jsonb_build_object('profile_id','71000000-0000-0000-0000-000000000007','batch_id','71000000-0000-0000-0000-000000000025','unit_id',:'opening_base_unit','channel','system','account_type','physical','location_id','71000000-0000-0000-0000-000000000009','disposition','available','quantity_base',12),
    jsonb_build_object('profile_id','71000000-0000-0000-0000-000000000007','batch_id','71000000-0000-0000-0000-000000000025','unit_id',:'opening_base_unit','channel','system','account_type','external_control','quantity_base',-12),
    jsonb_build_object('profile_id','71000000-0000-0000-0000-000000000007','batch_id','71000000-0000-0000-0000-000000000025','unit_id',:'opening_base_unit','channel','legacy_off_system','account_type','physical','location_id','71000000-0000-0000-0000-000000000009','disposition','available','quantity_base',7),
    jsonb_build_object('profile_id','71000000-0000-0000-0000-000000000007','batch_id','71000000-0000-0000-0000-000000000025','unit_id',:'opening_base_unit','channel','legacy_off_system','account_type','external_control','quantity_base',-7)
  ),
  'transfer-opening-1','transfer-opening-hash-0001','transfer test opening'
) as opening_command \gset
select public.submit_inventory_command(:'opening_command');

reset role;
set local role authenticated;
select set_config('request.jwt.claim.role','authenticated',true),set_config('request.jwt.claim.sub','71000000-0000-0000-0000-000000000026',true);
select public.approve_inventory_command(:'opening_command') as opening_transaction \gset

reset role;
select public.transfer_test_assert(coalesce((select status='posted' and result_transaction_id=:'opening_transaction'::uuid from public.inventory_commands where id=:'opening_command'::uuid),false),'opening command is posted with its transaction');
select public.transfer_test_assert((select count(*)=1 from public.inventory_transactions where id=:'opening_transaction'::uuid),'one opening transaction exists');
select public.transfer_test_assert(
  exists(select 1 from public.inventory_ledger_entries where transaction_id=:'opening_transaction'::uuid)
  and not exists(
    select 1
    from (
      select sum(quantity_base) as balance
      from public.inventory_ledger_entries
      where transaction_id=:'opening_transaction'::uuid
      group by inventory_item_profile_id,batch_id,recording_channel,inventory_item_unit_id
    ) balanced
    where balanced.balance <> 0
  ),
  'opening ledger is balanced by item batch channel and unit'
);
select public.transfer_test_assert(coalesce((select coalesce(sum(quantity_base),0)=20 from public.inventory_ledger_entries where transaction_id=:'opening_transaction'::uuid and account_type='physical' and location_id='71000000-0000-0000-0000-000000000009' and inventory_item_profile_id='71000000-0000-0000-0000-000000000007' and batch_id='71000000-0000-0000-0000-000000000012' and recording_channel='system' and inventory_item_unit_id=:'opening_base_unit'::uuid and disposition='available'),false),'opening source ledger equals intended quantity');
select public.transfer_test_assert(coalesce((select quantity_base=20 from public.inventory_balance_projections where location_id='71000000-0000-0000-0000-000000000009' and inventory_item_profile_id='71000000-0000-0000-0000-000000000007' and batch_id='71000000-0000-0000-0000-000000000012' and recording_channel='system' and disposition='available'),false),'opening source projection equals intended quantity');
select public.transfer_test_assert(not exists(
  select 1
  from public.inventory_balance_projections bp
  where bp.location_id='71000000-0000-0000-0000-000000000009'
    and bp.inventory_item_profile_id='71000000-0000-0000-0000-000000000007'
    and bp.batch_id='71000000-0000-0000-0000-000000000012'
    and bp.recording_channel='system'
    and bp.disposition='available'
    and bp.quantity_base is distinct from (
      select coalesce(sum(le.quantity_base),0)
      from public.inventory_ledger_entries le
      where le.account_type='physical'
        and le.location_id=bp.location_id
        and le.inventory_item_profile_id=bp.inventory_item_profile_id
        and le.batch_id=bp.batch_id
        and le.recording_channel=bp.recording_channel
        and le.disposition=bp.disposition
    )
),'opening source ledger and projection reconcile');
select public.transfer_test_assert((select count(*)=1 from public.inventory_commands where id=:'opening_command'::uuid) and (select count(*)=1 from public.inventory_transactions where command_id=:'opening_command'::uuid),'opening command has no duplicate effect');

set local role authenticated;
select set_config('request.jwt.claim.role','authenticated',true),set_config('request.jwt.claim.sub','71000000-0000-0000-0000-000000000005',true);

-- Keep the cross-allocation fixture opening separate from the main fixture so
-- its two exact physical grains have independent public command evidence.
select public.create_inventory_opening_command(
  '71000000-0000-0000-0000-000000000001',
  '71000000-0000-0000-0000-000000000002',
  '71000000-0000-0000-0000-000000000003',
  'opening',
  jsonb_build_array(
    jsonb_build_object('profile_id','71000000-0000-0000-0000-000000000007','batch_id','71000000-0000-0000-0000-000000000065','unit_id',:'opening_base_unit','channel','system','account_type','physical','location_id','71000000-0000-0000-0000-000000000009','disposition','available','quantity_base',6),
    jsonb_build_object('profile_id','71000000-0000-0000-0000-000000000007','batch_id','71000000-0000-0000-0000-000000000065','unit_id',:'opening_base_unit','channel','system','account_type','external_control','quantity_base',-6),
    jsonb_build_object('profile_id','71000000-0000-0000-0000-000000000007','batch_id','71000000-0000-0000-0000-000000000066','unit_id',:'opening_base_unit','channel','system','account_type','physical','location_id','71000000-0000-0000-0000-000000000009','disposition','available','quantity_base',6),
    jsonb_build_object('profile_id','71000000-0000-0000-0000-000000000007','batch_id','71000000-0000-0000-0000-000000000066','unit_id',:'opening_base_unit','channel','system','account_type','external_control','quantity_base',-6)
  ),
  'line-bound-opening-1','line-bound-opening-hash-0001','line bound opening'
) as line_bound_opening_command \gset
select public.submit_inventory_command(:'line_bound_opening_command');

reset role;
set local role authenticated;
select set_config('request.jwt.claim.role','authenticated',true),set_config('request.jwt.claim.sub','71000000-0000-0000-0000-000000000026',true);
select public.approve_inventory_command(:'line_bound_opening_command') as line_bound_opening_transaction \gset

reset role;
select public.transfer_test_assert(coalesce((select status='posted' and result_transaction_id=:'line_bound_opening_transaction'::uuid from public.inventory_commands where id=:'line_bound_opening_command'::uuid),false),'line-bound opening command is posted');
select public.transfer_test_assert((select count(*)=1 from public.inventory_transactions where id=:'line_bound_opening_transaction'::uuid),'line-bound opening transaction exists once');

set local role authenticated;
select set_config('request.jwt.claim.role','authenticated',true),set_config('request.jwt.claim.sub','71000000-0000-0000-0000-000000000005',true);

select public.create_inventory_opening_command(
  '71000000-0000-0000-0000-000000000001',
  '71000000-0000-0000-0000-000000000002',
  '71000000-0000-0000-0000-000000000003',
  'opening',
  jsonb_build_array(
    jsonb_build_object('profile_id','71000000-0000-0000-0000-000000000007','batch_id','71000000-0000-0000-0000-000000000077','unit_id',:'opening_base_unit','channel','system','account_type','physical','location_id','71000000-0000-0000-0000-000000000009','disposition','available','quantity_base',4),
    jsonb_build_object('profile_id','71000000-0000-0000-0000-000000000007','batch_id','71000000-0000-0000-0000-000000000077','unit_id',:'opening_base_unit','channel','system','account_type','external_control','quantity_base',-4),
    jsonb_build_object('profile_id','71000000-0000-0000-0000-000000000007','batch_id','71000000-0000-0000-0000-000000000084','unit_id',:'opening_base_unit','channel','system','account_type','physical','location_id','71000000-0000-0000-0000-000000000009','disposition','available','quantity_base',4),
    jsonb_build_object('profile_id','71000000-0000-0000-0000-000000000007','batch_id','71000000-0000-0000-0000-000000000084','unit_id',:'opening_base_unit','channel','system','account_type','external_control','quantity_base',-4)
  ),
  'lifecycle-opening-1','lifecycle-opening-hash-0001','lifecycle fixtures opening'
) as lifecycle_opening_command \gset
select public.submit_inventory_command(:'lifecycle_opening_command');
reset role;
set local role authenticated;
select set_config('request.jwt.claim.role','authenticated',true),set_config('request.jwt.claim.sub','71000000-0000-0000-0000-000000000026',true);
select public.approve_inventory_command(:'lifecycle_opening_command') as lifecycle_opening_transaction \gset
reset role;
select public.transfer_test_assert(coalesce((select status='posted' and result_transaction_id=:'lifecycle_opening_transaction'::uuid from public.inventory_commands where id=:'lifecycle_opening_command'::uuid),false),'lifecycle fixture opening command is posted');
set local role authenticated;
select set_config('request.jwt.claim.role','authenticated',true),set_config('request.jwt.claim.sub','71000000-0000-0000-0000-000000000005',true);

select public.create_inventory_opening_command(
  '71000000-0000-0000-0000-000000000001',
  '71000000-0000-0000-0000-000000000002',
  '71000000-0000-0000-0000-000000000003',
  'opening',
  jsonb_build_array(
    jsonb_build_object('profile_id','71000000-0000-0000-0000-000000000007','batch_id','71000000-0000-0000-0000-000000000090','unit_id',:'opening_base_unit','channel','system','account_type','physical','location_id','71000000-0000-0000-0000-000000000009','disposition','available','quantity_base',6),
    jsonb_build_object('profile_id','71000000-0000-0000-0000-000000000007','batch_id','71000000-0000-0000-0000-000000000090','unit_id',:'opening_base_unit','channel','system','account_type','external_control','quantity_base',-6)
  ),
  'permission-closure-opening-1','permission-closure-opening-hash-0001','closure permission fixture opening'
) as permission_opening_command \gset
select public.submit_inventory_command(:'permission_opening_command');
reset role;
set local role authenticated;
select set_config('request.jwt.claim.role','authenticated',true),set_config('request.jwt.claim.sub','71000000-0000-0000-0000-000000000026',true);
select public.approve_inventory_command(:'permission_opening_command') as permission_opening_transaction \gset
reset role;
select public.transfer_test_assert(coalesce((select status='posted' and result_transaction_id=:'permission_opening_transaction'::uuid from public.inventory_commands where id=:'permission_opening_command'::uuid),false),'closure permission opening command is posted');
set local role authenticated;
select set_config('request.jwt.claim.role','authenticated',true),set_config('request.jwt.claim.sub','71000000-0000-0000-0000-000000000005',true);

select public.create_inventory_opening_command(
  '71000000-0000-0000-0000-000000000001','71000000-0000-0000-0000-000000000002','71000000-0000-0000-0000-000000000003','opening',
  jsonb_build_array(
    jsonb_build_object('profile_id','71000000-0000-0000-0000-000000000007','batch_id','71000000-0000-0000-0000-000000000095','unit_id',:'opening_base_unit','channel','system','account_type','physical','location_id','71000000-0000-0000-0000-000000000009','disposition','available','quantity_base',6),
    jsonb_build_object('profile_id','71000000-0000-0000-0000-000000000007','batch_id','71000000-0000-0000-0000-000000000095','unit_id',:'opening_base_unit','channel','system','account_type','external_control','quantity_base',-6),
    jsonb_build_object('profile_id','71000000-0000-0000-0000-000000000007','batch_id','71000000-0000-0000-0000-000000000096','unit_id',:'opening_base_unit','channel','system','account_type','physical','location_id','71000000-0000-0000-0000-000000000009','disposition','available','quantity_base',6),
    jsonb_build_object('profile_id','71000000-0000-0000-0000-000000000007','batch_id','71000000-0000-0000-0000-000000000096','unit_id',:'opening_base_unit','channel','system','account_type','external_control','quantity_base',-6)
  ),
  'closure-line-bound-opening-1','closure-line-bound-opening-hash-0001','closure line bound fixture opening'
) as closure_line_bound_opening_command \gset
select public.submit_inventory_command(:'closure_line_bound_opening_command');
reset role;
set local role authenticated;
select set_config('request.jwt.claim.role','authenticated',true),set_config('request.jwt.claim.sub','71000000-0000-0000-0000-000000000026',true);
select public.approve_inventory_command(:'closure_line_bound_opening_command') as closure_line_bound_opening_transaction \gset
reset role;
select public.transfer_test_assert(coalesce((select status='posted' and result_transaction_id=:'closure_line_bound_opening_transaction'::uuid from public.inventory_commands where id=:'closure_line_bound_opening_command'::uuid),false),'closure line-bound opening command is posted');
set local role authenticated;
select set_config('request.jwt.claim.role','authenticated',true),set_config('request.jwt.claim.sub','71000000-0000-0000-0000-000000000005',true);

-- Planned allocation is exact batch; client cannot directly mutate the tables.
select public.create_inventory_transfer('71000000-0000-0000-0000-000000000001','71000000-0000-0000-0000-000000000002','71000000-0000-0000-0000-000000000003','71000000-0000-0000-0000-000000000009','71000000-0000-0000-0000-000000000010',jsonb_build_array(jsonb_build_object('profile_id','71000000-0000-0000-0000-000000000007','batch_id','71000000-0000-0000-0000-000000000012','quantity_base',10,'channel','system')),'transfer-create-1','transfer-create-hash-0001','test') as transfer_id \gset
select public.create_inventory_transfer('71000000-0000-0000-0000-000000000001','71000000-0000-0000-0000-000000000002','71000000-0000-0000-0000-000000000003','71000000-0000-0000-0000-000000000009','71000000-0000-0000-0000-000000000010',jsonb_build_array(jsonb_build_object('profile_id','71000000-0000-0000-0000-000000000007','batch_id','71000000-0000-0000-0000-000000000012','quantity_base',10,'channel','system')),'transfer-create-1','transfer-create-hash-0001','test') as transfer_replay \gset
select public.transfer_test_assert(:'transfer_id'::uuid=:'transfer_replay'::uuid,'create command replay returns same transfer');
select id as allocation_id from public.inventory_transfer_allocations where transfer_line_id in (select id from public.inventory_transfer_lines where transfer_id=:'transfer_id') \gset
select public.transfer_test_expect_failure(format('update public.inventory_transfers set status=''completed'' where id=%L::uuid',:'transfer_id'),'permission denied');

-- Cross-allocation line-bound regression.  The intentional draft-only plan
-- exceeds its line request; all reservations, issues, ledger, projections,
-- commands, events and audits below use the public workflows.
reset role;
insert into public.inventory_transfers(id,tenant_id,organization_id,facility_id,source_location_id,destination_root_location_id,transit_location_id,created_by,updated_by)
select '71000000-0000-0000-0000-000000000061',tenant_id,organization_id,facility_id,source_location_id,destination_root_location_id,transit_location_id,'71000000-0000-0000-0000-000000000005','71000000-0000-0000-0000-000000000005'
from public.inventory_transfers where id=:'transfer_id'::uuid;
insert into public.inventory_transfer_lines(id,transfer_id,inventory_item_profile_id,requested_quantity_base,created_by)
values('71000000-0000-0000-0000-000000000062','71000000-0000-0000-0000-000000000061','71000000-0000-0000-0000-000000000007',8,'71000000-0000-0000-0000-000000000005');
insert into public.inventory_transfer_allocations(id,transfer_line_id,source_location_id,batch_id,recording_channel,planned_quantity_base,created_by)
values
 ('71000000-0000-0000-0000-000000000063','71000000-0000-0000-0000-000000000062','71000000-0000-0000-0000-000000000009','71000000-0000-0000-0000-000000000065','system',6,'71000000-0000-0000-0000-000000000005'),
 ('71000000-0000-0000-0000-000000000064','71000000-0000-0000-0000-000000000062','71000000-0000-0000-0000-000000000009','71000000-0000-0000-0000-000000000066','system',6,'71000000-0000-0000-0000-000000000005');

set local role authenticated;
select set_config('request.jwt.claim.role','authenticated',true),set_config('request.jwt.claim.sub','71000000-0000-0000-0000-000000000005',true);
select public.reserve_inventory_transfer('71000000-0000-0000-0000-000000000061',now()+interval '1 hour','line-bound-reserve-1','line-bound-reserve-hash-0001');
select public.issue_inventory_transfer('71000000-0000-0000-0000-000000000061',jsonb_build_array(jsonb_build_object('transfer_allocation_id','71000000-0000-0000-0000-000000000063','quantity_base',5)),'line-bound-issue-a-1','line-bound-issue-a-hash-0001','issue allocation A');

reset role;
select requested_quantity_base as lb_requested_before,planned_quantity_base as lb_planned_before,issued_quantity_base as lb_issued_before,allocation_closed_quantity_base as lb_allocation_closed_before,line_unallocated_closed_quantity_base as lb_line_unallocated_closed_before,closed_remainder_quantity_base as lb_total_closed_before,unissued_quantity_base as lb_unissued_before
from public.inventory_transfer_summary_projection where transfer_line_id='71000000-0000-0000-0000-000000000062' \gset
select
  coalesce((select sum(a.planned_quantity_base) from public.inventory_transfer_allocations a where a.transfer_line_id='71000000-0000-0000-0000-000000000062'),0)
  - coalesce((select sum(o.quantity_base) from public.inventory_transfer_operations o join public.inventory_transfer_allocations a on a.id=o.transfer_allocation_id where a.transfer_line_id='71000000-0000-0000-0000-000000000062' and o.operation_type='issue'),0)
  - coalesce((select sum(c.quantity_base) from public.inventory_transfer_remainder_closures c where c.transfer_line_id='71000000-0000-0000-0000-000000000062' and c.transfer_allocation_id is not null),0)
  as lb_issueable_before \gset
select status as lb_status_before from public.inventory_transfers where id='71000000-0000-0000-0000-000000000061' \gset
select public.transfer_test_assert(:'lb_requested_before'::numeric=8 and :'lb_planned_before'::numeric=12 and :'lb_issued_before'::numeric=5 and :'lb_allocation_closed_before'::numeric=0 and :'lb_line_unallocated_closed_before'::numeric=0 and :'lb_total_closed_before'::numeric=0 and :'lb_issueable_before'::numeric=7 and :'lb_unissued_before'::numeric=3 and :'lb_status_before'='partially_issued','line-bound fixture has exact pre-failure summary and status');
select public.transfer_test_assert((select coalesce(sum(quantity_base),0)=5 from public.inventory_transfer_operations where transfer_allocation_id='71000000-0000-0000-0000-000000000063' and operation_type='issue') and (select count(*)=0 from public.inventory_transfer_operations where transfer_allocation_id='71000000-0000-0000-0000-000000000064' and operation_type='issue'),'line-bound allocation A issued 5 and allocation B issued 0');

select count(*) as lb_invalid_command_before from public.inventory_commands where requester_id='71000000-0000-0000-0000-000000000005' and idempotency_key='line-bound-issue-b-over-1' \gset
select public.transfer_test_assert(:'lb_invalid_command_before'::int=0,'line-bound invalid idempotency key has no command before the rejected request');
select count(*) as lb_issue_operations_before from public.inventory_transfer_operations where transfer_id='71000000-0000-0000-0000-000000000061' and operation_type='issue' \gset
select count(*) as lb_transactions_before from public.inventory_transactions \gset
select count(*) as lb_ledger_before from public.inventory_ledger_entries \gset
select count(*) as lb_transfer_events_before from public.inventory_transfer_events where transfer_id='71000000-0000-0000-0000-000000000061' \gset
select count(*) as lb_inventory_events_before from public.inventory_events \gset
select count(*) as lb_audit_before from public.audit_events where entity_type='inventory_transfer' and entity_id='71000000-0000-0000-0000-000000000061' \gset
select count(*) as lb_b_source_rows_before,coalesce(sum(quantity_base),0) as lb_b_source_qty_before from public.inventory_balance_projections where location_id='71000000-0000-0000-0000-000000000009' and inventory_item_profile_id='71000000-0000-0000-0000-000000000007' and batch_id='71000000-0000-0000-0000-000000000066' and recording_channel='system' and disposition='available' \gset
select count(*) as lb_b_transit_rows_before,coalesce(sum(quantity_base),0) as lb_b_transit_qty_before from public.inventory_balance_projections where location_id=(select transit_location_id from public.inventory_transfers where id='71000000-0000-0000-0000-000000000061') and inventory_item_profile_id='71000000-0000-0000-0000-000000000007' and batch_id='71000000-0000-0000-0000-000000000066' and recording_channel='system' and disposition='transit' \gset
with grains(location_id,inventory_item_profile_id,batch_id,inventory_item_unit_id,recording_channel,disposition) as (
 values
 ('71000000-0000-0000-0000-000000000009'::uuid,'71000000-0000-0000-0000-000000000007'::uuid,'71000000-0000-0000-0000-000000000065'::uuid,:'opening_base_unit'::uuid,'system'::public.inventory_recording_channel,'available'::public.inventory_stock_disposition),
 ((select transit_location_id from public.inventory_transfers where id='71000000-0000-0000-0000-000000000061'),'71000000-0000-0000-0000-000000000007'::uuid,'71000000-0000-0000-0000-000000000065'::uuid,:'opening_base_unit'::uuid,'system'::public.inventory_recording_channel,'transit'::public.inventory_stock_disposition),
 ('71000000-0000-0000-0000-000000000009'::uuid,'71000000-0000-0000-0000-000000000007'::uuid,'71000000-0000-0000-0000-000000000066'::uuid,:'opening_base_unit'::uuid,'system'::public.inventory_recording_channel,'available'::public.inventory_stock_disposition),
 ((select transit_location_id from public.inventory_transfers where id='71000000-0000-0000-0000-000000000061'),'71000000-0000-0000-0000-000000000007'::uuid,'71000000-0000-0000-0000-000000000066'::uuid,:'opening_base_unit'::uuid,'system'::public.inventory_recording_channel,'transit'::public.inventory_stock_disposition)
), ledger as (select le.location_id,le.inventory_item_profile_id,le.batch_id,le.inventory_item_unit_id,le.recording_channel,le.disposition,sum(le.quantity_base) quantity_base from public.inventory_ledger_entries le where le.account_type='physical' group by le.location_id,le.inventory_item_profile_id,le.batch_id,le.inventory_item_unit_id,le.recording_channel,le.disposition), projection as (select bp.location_id,bp.inventory_item_profile_id,bp.batch_id,bp.recording_channel,bp.disposition,sum(bp.quantity_base) quantity_base from public.inventory_balance_projections bp group by bp.location_id,bp.inventory_item_profile_id,bp.batch_id,bp.recording_channel,bp.disposition)
select count(*) as lb_mismatch_before from grains g left join ledger l using(location_id,inventory_item_profile_id,batch_id,inventory_item_unit_id,recording_channel,disposition) left join projection p using(location_id,inventory_item_profile_id,batch_id,recording_channel,disposition) where coalesce(l.quantity_base,0) is distinct from coalesce(p.quantity_base,0) \gset
select public.transfer_test_assert(:'lb_mismatch_before'::int=0,'line-bound source and transit grains reconcile before rejected issue');

set local role authenticated;
select set_config('request.jwt.claim.role','authenticated',true),set_config('request.jwt.claim.sub','71000000-0000-0000-0000-000000000005',true);
select public.transfer_test_expect_failure($$select public.issue_inventory_transfer('71000000-0000-0000-0000-000000000061','[{"transfer_allocation_id":"71000000-0000-0000-0000-000000000064","quantity_base":4}]'::jsonb,'line-bound-issue-b-over-1','line-bound-issue-b-over-hash-0001','must fail at line bound')$$,'Inventory transfer issue exceeds line requested quantity');

reset role;
select requested_quantity_base as lb_requested_after,planned_quantity_base as lb_planned_after,issued_quantity_base as lb_issued_after,allocation_closed_quantity_base as lb_allocation_closed_after,line_unallocated_closed_quantity_base as lb_line_unallocated_closed_after,closed_remainder_quantity_base as lb_total_closed_after,unissued_quantity_base as lb_unissued_after
from public.inventory_transfer_summary_projection where transfer_line_id='71000000-0000-0000-0000-000000000062' \gset
select
  coalesce((select sum(a.planned_quantity_base) from public.inventory_transfer_allocations a where a.transfer_line_id='71000000-0000-0000-0000-000000000062'),0)
  - coalesce((select sum(o.quantity_base) from public.inventory_transfer_operations o join public.inventory_transfer_allocations a on a.id=o.transfer_allocation_id where a.transfer_line_id='71000000-0000-0000-0000-000000000062' and o.operation_type='issue'),0)
  - coalesce((select sum(c.quantity_base) from public.inventory_transfer_remainder_closures c where c.transfer_line_id='71000000-0000-0000-0000-000000000062' and c.transfer_allocation_id is not null),0)
  as lb_issueable_after \gset
select status as lb_status_after from public.inventory_transfers where id='71000000-0000-0000-0000-000000000061' \gset
select public.transfer_test_assert(
 (select count(*) from public.inventory_commands where requester_id='71000000-0000-0000-0000-000000000005' and idempotency_key='line-bound-issue-b-over-1')=0
 and (select count(*) from public.inventory_transfer_operations where transfer_id='71000000-0000-0000-0000-000000000061' and operation_type='issue')=:'lb_issue_operations_before'::int
 and (select count(*) from public.inventory_transactions)=:'lb_transactions_before'::int
 and (select count(*) from public.inventory_ledger_entries)=:'lb_ledger_before'::int
 and (select count(*) from public.inventory_transfer_events where transfer_id='71000000-0000-0000-0000-000000000061')=:'lb_transfer_events_before'::int
 and (select count(*) from public.inventory_events)=:'lb_inventory_events_before'::int
 and (select count(*) from public.audit_events where entity_type='inventory_transfer' and entity_id='71000000-0000-0000-0000-000000000061')=:'lb_audit_before'::int
 and (select count(*) from public.inventory_balance_projections where location_id='71000000-0000-0000-0000-000000000009' and inventory_item_profile_id='71000000-0000-0000-0000-000000000007' and batch_id='71000000-0000-0000-0000-000000000066' and recording_channel='system' and disposition='available')=:'lb_b_source_rows_before'::int
 and (select coalesce(sum(quantity_base),0) from public.inventory_balance_projections where location_id='71000000-0000-0000-0000-000000000009' and inventory_item_profile_id='71000000-0000-0000-0000-000000000007' and batch_id='71000000-0000-0000-0000-000000000066' and recording_channel='system' and disposition='available')=:'lb_b_source_qty_before'::numeric
 and (select count(*) from public.inventory_balance_projections where location_id=(select transit_location_id from public.inventory_transfers where id='71000000-0000-0000-0000-000000000061') and inventory_item_profile_id='71000000-0000-0000-0000-000000000007' and batch_id='71000000-0000-0000-0000-000000000066' and recording_channel='system' and disposition='transit')=:'lb_b_transit_rows_before'::int
 and (select coalesce(sum(quantity_base),0) from public.inventory_balance_projections where location_id=(select transit_location_id from public.inventory_transfers where id='71000000-0000-0000-0000-000000000061') and inventory_item_profile_id='71000000-0000-0000-0000-000000000007' and batch_id='71000000-0000-0000-0000-000000000066' and recording_channel='system' and disposition='transit')=:'lb_b_transit_qty_before'::numeric
 and :'lb_requested_after'::numeric=:'lb_requested_before'::numeric and :'lb_planned_after'::numeric=:'lb_planned_before'::numeric and :'lb_issued_after'::numeric=:'lb_issued_before'::numeric and :'lb_allocation_closed_after'::numeric=:'lb_allocation_closed_before'::numeric and :'lb_line_unallocated_closed_after'::numeric=:'lb_line_unallocated_closed_before'::numeric and :'lb_total_closed_after'::numeric=:'lb_total_closed_before'::numeric and :'lb_issueable_after'::numeric=:'lb_issueable_before'::numeric and :'lb_unissued_after'::numeric=:'lb_unissued_before'::numeric and :'lb_status_after'=:'lb_status_before',
 'line-bound issue rejection leaves command, operations, ledger, projections, events, audit, summary and cached status unchanged'
);
with grains(location_id,inventory_item_profile_id,batch_id,inventory_item_unit_id,recording_channel,disposition) as (
 values
 ('71000000-0000-0000-0000-000000000009'::uuid,'71000000-0000-0000-0000-000000000007'::uuid,'71000000-0000-0000-0000-000000000065'::uuid,:'opening_base_unit'::uuid,'system'::public.inventory_recording_channel,'available'::public.inventory_stock_disposition),
 ((select transit_location_id from public.inventory_transfers where id='71000000-0000-0000-0000-000000000061'),'71000000-0000-0000-0000-000000000007'::uuid,'71000000-0000-0000-0000-000000000065'::uuid,:'opening_base_unit'::uuid,'system'::public.inventory_recording_channel,'transit'::public.inventory_stock_disposition),
 ('71000000-0000-0000-0000-000000000009'::uuid,'71000000-0000-0000-0000-000000000007'::uuid,'71000000-0000-0000-0000-000000000066'::uuid,:'opening_base_unit'::uuid,'system'::public.inventory_recording_channel,'available'::public.inventory_stock_disposition),
 ((select transit_location_id from public.inventory_transfers where id='71000000-0000-0000-0000-000000000061'),'71000000-0000-0000-0000-000000000007'::uuid,'71000000-0000-0000-0000-000000000066'::uuid,:'opening_base_unit'::uuid,'system'::public.inventory_recording_channel,'transit'::public.inventory_stock_disposition)
), ledger as (select le.location_id,le.inventory_item_profile_id,le.batch_id,le.inventory_item_unit_id,le.recording_channel,le.disposition,sum(le.quantity_base) quantity_base from public.inventory_ledger_entries le where le.account_type='physical' group by le.location_id,le.inventory_item_profile_id,le.batch_id,le.inventory_item_unit_id,le.recording_channel,le.disposition), projection as (select bp.location_id,bp.inventory_item_profile_id,bp.batch_id,bp.recording_channel,bp.disposition,sum(bp.quantity_base) quantity_base from public.inventory_balance_projections bp group by bp.location_id,bp.inventory_item_profile_id,bp.batch_id,bp.recording_channel,bp.disposition)
select count(*) as lb_mismatch_after from grains g left join ledger l using(location_id,inventory_item_profile_id,batch_id,inventory_item_unit_id,recording_channel,disposition) left join projection p using(location_id,inventory_item_profile_id,batch_id,recording_channel,disposition) where coalesce(l.quantity_base,0) is distinct from coalesce(p.quantity_base,0) \gset
select public.transfer_test_assert(:'lb_mismatch_after'::int=0,'line-bound source and transit grains reconcile after rejected issue');

set local role authenticated;
select set_config('request.jwt.claim.role','authenticated',true),set_config('request.jwt.claim.sub','71000000-0000-0000-0000-000000000005',true);
select public.issue_inventory_transfer('71000000-0000-0000-0000-000000000061',jsonb_build_array(jsonb_build_object('transfer_allocation_id','71000000-0000-0000-0000-000000000064','quantity_base',3)),'line-bound-issue-b-3-1','line-bound-issue-b-3-hash-0001','issue allocation B at line boundary');
reset role;
select public.transfer_test_assert(coalesce((select requested_quantity_base=8 and issued_quantity_base=8 from public.inventory_transfer_summary_projection where transfer_line_id='71000000-0000-0000-0000-000000000062'),false) and (select coalesce(sum(quantity_base),0)=5 from public.inventory_transfer_operations where transfer_allocation_id='71000000-0000-0000-0000-000000000063' and operation_type='issue') and (select coalesce(sum(quantity_base),0)=3 from public.inventory_transfer_operations where transfer_allocation_id='71000000-0000-0000-0000-000000000064' and operation_type='issue'),'line-bound valid boundary issue results in A=5, B=3, line=8');
set local role authenticated;
select set_config('request.jwt.claim.role','authenticated',true),set_config('request.jwt.claim.sub','71000000-0000-0000-0000-000000000005',true);
select public.transfer_test_expect_failure($$select public.issue_inventory_transfer('71000000-0000-0000-0000-000000000061','[{"transfer_allocation_id":"71000000-0000-0000-0000-000000000064","quantity_base":1}]'::jsonb,'line-bound-issue-over-final-1','line-bound-issue-over-final-hash-0001','must remain at line bound')$$,'Inventory transfer issue exceeds line requested quantity');
reset role;

-- Closure lifecycle: direct setup is draft planning only.  All state changes
-- (reservation, cancellation, issue and receipt) use authenticated APIs.
insert into public.inventory_transfers(id,tenant_id,organization_id,facility_id,source_location_id,destination_root_location_id,transit_location_id,created_by,updated_by)
select '71000000-0000-0000-0000-000000000071',tenant_id,organization_id,facility_id,source_location_id,destination_root_location_id,transit_location_id,'71000000-0000-0000-0000-000000000005','71000000-0000-0000-0000-000000000005' from public.inventory_transfers where id=:'transfer_id'::uuid;
insert into public.inventory_transfer_lines(id,transfer_id,inventory_item_profile_id,requested_quantity_base,created_by) values('71000000-0000-0000-0000-000000000072','71000000-0000-0000-0000-000000000071','71000000-0000-0000-0000-000000000007',5,'71000000-0000-0000-0000-000000000005');
insert into public.inventory_transfer_allocations(id,transfer_line_id,source_location_id,batch_id,recording_channel,planned_quantity_base,created_by) values('71000000-0000-0000-0000-000000000073','71000000-0000-0000-0000-000000000072','71000000-0000-0000-0000-000000000009','71000000-0000-0000-0000-000000000065','system',5,'71000000-0000-0000-0000-000000000005');
select requested_quantity_base as requested,planned_quantity_base as planned,issued_quantity_base as issued,allocation_closed_quantity_base as allocation_closed,line_unallocated_closed_quantity_base as line_unallocated_closed,closed_remainder_quantity_base as total_closed,planned_quantity_base-issued_quantity_base-allocation_closed_quantity_base as issueable,unissued_quantity_base as unissued from public.inventory_transfer_summary_projection where transfer_line_id='71000000-0000-0000-0000-000000000072' \gset draft_before_
select status as status,(select count(*) from public.inventory_commands where requester_id='71000000-0000-0000-0000-000000000005' and idempotency_key='lifecycle-draft-close-1') as commands,(select count(*) from public.inventory_transfer_remainder_closures where transfer_id='71000000-0000-0000-0000-000000000071') as closures,(select count(*) from public.inventory_transfer_events where transfer_id='71000000-0000-0000-0000-000000000071' and action='inventory.transfer_remainder_closed') as events,(select count(*) from public.audit_events where entity_type='inventory_transfer' and entity_id='71000000-0000-0000-0000-000000000071' and action='inventory.transfer_remainder_closed') as audit from public.inventory_transfers where id='71000000-0000-0000-0000-000000000071' \gset draft_before_
set local role authenticated;
select set_config('request.jwt.claim.role','authenticated',true),set_config('request.jwt.claim.sub','71000000-0000-0000-0000-000000000005',true);
select public.transfer_test_expect_failure($$select public.close_inventory_transfer_remainder('71000000-0000-0000-0000-000000000071','[{"transfer_line_id":"71000000-0000-0000-0000-000000000072","transfer_allocation_id":"71000000-0000-0000-0000-000000000073","inventory_item_profile_id":"71000000-0000-0000-0000-000000000007","quantity_base":1}]'::jsonb,'lifecycle-draft-close-1','valid lifecycle reason')$$,'Inventory transfer remainder closure lifecycle denied');
reset role;
select public.transfer_test_assert((select count(*) from public.inventory_commands where requester_id='71000000-0000-0000-0000-000000000005' and idempotency_key='lifecycle-draft-close-1')=:'draft_before_commands'::int and (select count(*) from public.inventory_transfer_remainder_closures where transfer_id='71000000-0000-0000-0000-000000000071')=:'draft_before_closures'::int and (select count(*) from public.inventory_transfer_events where transfer_id='71000000-0000-0000-0000-000000000071' and action='inventory.transfer_remainder_closed')=:'draft_before_events'::int and (select count(*) from public.audit_events where entity_type='inventory_transfer' and entity_id='71000000-0000-0000-0000-000000000071' and action='inventory.transfer_remainder_closed')=:'draft_before_audit'::int and (select status from public.inventory_transfers where id='71000000-0000-0000-0000-000000000071')=:'draft_before_status' and coalesce((select requested_quantity_base=:'draft_before_requested'::numeric and planned_quantity_base=:'draft_before_planned'::numeric and issued_quantity_base=:'draft_before_issued'::numeric and allocation_closed_quantity_base=:'draft_before_allocation_closed'::numeric and line_unallocated_closed_quantity_base=:'draft_before_line_unallocated_closed'::numeric and closed_remainder_quantity_base=:'draft_before_total_closed'::numeric and planned_quantity_base-issued_quantity_base-allocation_closed_quantity_base=:'draft_before_issueable'::numeric and unissued_quantity_base=:'draft_before_unissued'::numeric from public.inventory_transfer_summary_projection where transfer_line_id='71000000-0000-0000-0000-000000000072'),false),'draft lifecycle denial has no command, closure, event, audit, status or summary effect');

insert into public.inventory_transfers(id,tenant_id,organization_id,facility_id,source_location_id,destination_root_location_id,transit_location_id,created_by,updated_by)
select '71000000-0000-0000-0000-000000000074',tenant_id,organization_id,facility_id,source_location_id,destination_root_location_id,transit_location_id,'71000000-0000-0000-0000-000000000005','71000000-0000-0000-0000-000000000005' from public.inventory_transfers where id=:'transfer_id'::uuid;
insert into public.inventory_transfer_lines(id,transfer_id,inventory_item_profile_id,requested_quantity_base,created_by) values('71000000-0000-0000-0000-000000000075','71000000-0000-0000-0000-000000000074','71000000-0000-0000-0000-000000000007',4,'71000000-0000-0000-0000-000000000005');
insert into public.inventory_transfer_allocations(id,transfer_line_id,source_location_id,batch_id,recording_channel,planned_quantity_base,created_by) values('71000000-0000-0000-0000-000000000076','71000000-0000-0000-0000-000000000075','71000000-0000-0000-0000-000000000009','71000000-0000-0000-0000-000000000077','system',4,'71000000-0000-0000-0000-000000000005');
set local role authenticated;
select set_config('request.jwt.claim.role','authenticated',true),set_config('request.jwt.claim.sub','71000000-0000-0000-0000-000000000005',true);
select public.reserve_inventory_transfer('71000000-0000-0000-0000-000000000074',now()+interval '1 hour','lifecycle-reserved-reserve-1','lifecycle-reserved-reserve-hash-0001');
reset role;
select requested_quantity_base as requested,planned_quantity_base as planned,issued_quantity_base as issued,allocation_closed_quantity_base as allocation_closed,line_unallocated_closed_quantity_base as line_unallocated_closed,closed_remainder_quantity_base as total_closed,planned_quantity_base-issued_quantity_base-allocation_closed_quantity_base as issueable,unissued_quantity_base as unissued from public.inventory_transfer_summary_projection where transfer_line_id='71000000-0000-0000-0000-000000000075' \gset reserved_before_
select status as status,(select count(*) from public.inventory_commands where requester_id='71000000-0000-0000-0000-000000000005' and idempotency_key='lifecycle-reserved-close-1') as commands,(select count(*) from public.inventory_transfer_remainder_closures where transfer_id='71000000-0000-0000-0000-000000000074') as closures,(select count(*) from public.inventory_transfer_events where transfer_id='71000000-0000-0000-0000-000000000074' and action='inventory.transfer_remainder_closed') as events,(select count(*) from public.audit_events where entity_type='inventory_transfer' and entity_id='71000000-0000-0000-0000-000000000074' and action='inventory.transfer_remainder_closed') as audit,(select count(*) from public.inventory_reservations where transfer_allocation_id='71000000-0000-0000-0000-000000000076') as reservations,(select coalesce(sum(quantity_base),0) from public.inventory_balance_projections where location_id='71000000-0000-0000-0000-000000000009' and batch_id='71000000-0000-0000-0000-000000000077' and recording_channel='system' and disposition='available') as source_qty,(select coalesce(sum(quantity_base),0) from public.inventory_balance_projections where location_id=(select transit_location_id from public.inventory_transfers where id='71000000-0000-0000-0000-000000000074') and batch_id='71000000-0000-0000-0000-000000000077' and recording_channel='system' and disposition='transit') as transit_qty,public.transfer_test_physical_grain_mismatches('71000000-0000-0000-0000-000000000007',:'opening_base_unit'::uuid,jsonb_build_array(jsonb_build_object('location_id','71000000-0000-0000-0000-000000000009','batch_id','71000000-0000-0000-0000-000000000077','disposition','available'),jsonb_build_object('location_id',(select transit_location_id from public.inventory_transfers where id='71000000-0000-0000-0000-000000000074'),'batch_id','71000000-0000-0000-0000-000000000077','disposition','transit'))) as mismatches from public.inventory_transfers where id='71000000-0000-0000-0000-000000000074' \gset reserved_before_
set local role authenticated;
select set_config('request.jwt.claim.role','authenticated',true),set_config('request.jwt.claim.sub','71000000-0000-0000-0000-000000000005',true);
select public.transfer_test_expect_failure($$select public.close_inventory_transfer_remainder('71000000-0000-0000-0000-000000000074','[{"transfer_line_id":"71000000-0000-0000-0000-000000000075","transfer_allocation_id":"71000000-0000-0000-0000-000000000076","inventory_item_profile_id":"71000000-0000-0000-0000-000000000007","quantity_base":1}]'::jsonb,'lifecycle-reserved-close-1','valid lifecycle reason')$$,'Inventory transfer remainder closure lifecycle denied');
reset role;
select public.transfer_test_assert((select count(*) from public.inventory_commands where requester_id='71000000-0000-0000-0000-000000000005' and idempotency_key='lifecycle-reserved-close-1')=:'reserved_before_commands'::int and (select count(*) from public.inventory_transfer_remainder_closures where transfer_id='71000000-0000-0000-0000-000000000074')=:'reserved_before_closures'::int and (select count(*) from public.inventory_transfer_events where transfer_id='71000000-0000-0000-0000-000000000074' and action='inventory.transfer_remainder_closed')=:'reserved_before_events'::int and (select count(*) from public.audit_events where entity_type='inventory_transfer' and entity_id='71000000-0000-0000-0000-000000000074' and action='inventory.transfer_remainder_closed')=:'reserved_before_audit'::int and (select count(*) from public.inventory_reservations where transfer_allocation_id='71000000-0000-0000-0000-000000000076')=:'reserved_before_reservations'::int and (select status from public.inventory_transfers where id='71000000-0000-0000-0000-000000000074')=:'reserved_before_status' and (select coalesce(sum(quantity_base),0) from public.inventory_balance_projections where location_id='71000000-0000-0000-0000-000000000009' and batch_id='71000000-0000-0000-0000-000000000077' and recording_channel='system' and disposition='available')=:'reserved_before_source_qty'::numeric and (select coalesce(sum(quantity_base),0) from public.inventory_balance_projections where location_id=(select transit_location_id from public.inventory_transfers where id='71000000-0000-0000-0000-000000000074') and batch_id='71000000-0000-0000-0000-000000000077' and recording_channel='system' and disposition='transit')=:'reserved_before_transit_qty'::numeric and public.transfer_test_physical_grain_mismatches('71000000-0000-0000-0000-000000000007',:'opening_base_unit'::uuid,jsonb_build_array(jsonb_build_object('location_id','71000000-0000-0000-0000-000000000009','batch_id','71000000-0000-0000-0000-000000000077','disposition','available'),jsonb_build_object('location_id',(select transit_location_id from public.inventory_transfers where id='71000000-0000-0000-0000-000000000074'),'batch_id','71000000-0000-0000-0000-000000000077','disposition','transit'))) = :'reserved_before_mismatches'::int and :'reserved_before_mismatches'::int=0 and coalesce((select requested_quantity_base=:'reserved_before_requested'::numeric and planned_quantity_base=:'reserved_before_planned'::numeric and issued_quantity_base=:'reserved_before_issued'::numeric and allocation_closed_quantity_base=:'reserved_before_allocation_closed'::numeric and line_unallocated_closed_quantity_base=:'reserved_before_line_unallocated_closed'::numeric and closed_remainder_quantity_base=:'reserved_before_total_closed'::numeric and planned_quantity_base-issued_quantity_base-allocation_closed_quantity_base=:'reserved_before_issueable'::numeric and unissued_quantity_base=:'reserved_before_unissued'::numeric from public.inventory_transfer_summary_projection where transfer_line_id='71000000-0000-0000-0000-000000000075'),false),'reserved lifecycle denial preserves reservation, physical state, status and summary');

insert into public.inventory_transfers(id,tenant_id,organization_id,facility_id,source_location_id,destination_root_location_id,transit_location_id,created_by,updated_by)
select '71000000-0000-0000-0000-000000000078',tenant_id,organization_id,facility_id,source_location_id,destination_root_location_id,transit_location_id,'71000000-0000-0000-0000-000000000005','71000000-0000-0000-0000-000000000005' from public.inventory_transfers where id=:'transfer_id'::uuid;
insert into public.inventory_transfer_lines(id,transfer_id,inventory_item_profile_id,requested_quantity_base,created_by) values('71000000-0000-0000-0000-000000000079','71000000-0000-0000-0000-000000000078','71000000-0000-0000-0000-000000000007',5,'71000000-0000-0000-0000-000000000005');
insert into public.inventory_transfer_allocations(id,transfer_line_id,source_location_id,batch_id,recording_channel,planned_quantity_base,created_by) values('71000000-0000-0000-0000-000000000080','71000000-0000-0000-0000-000000000079','71000000-0000-0000-0000-000000000009','71000000-0000-0000-0000-000000000065','system',5,'71000000-0000-0000-0000-000000000005');
set local role authenticated;
select set_config('request.jwt.claim.role','authenticated',true),set_config('request.jwt.claim.sub','71000000-0000-0000-0000-000000000005',true);
select public.cancel_inventory_transfer('71000000-0000-0000-0000-000000000078','lifecycle-cancelled-cancel-1','lifecycle-cancelled-cancel-hash-0001','cancel before issue');
reset role;
select requested_quantity_base as requested,planned_quantity_base as planned,issued_quantity_base as issued,allocation_closed_quantity_base as allocation_closed,line_unallocated_closed_quantity_base as line_unallocated_closed,closed_remainder_quantity_base as total_closed,planned_quantity_base-issued_quantity_base-allocation_closed_quantity_base as issueable,unissued_quantity_base as unissued from public.inventory_transfer_summary_projection where transfer_line_id='71000000-0000-0000-0000-000000000079' \gset cancelled_before_
select status as status,(select count(*) from public.inventory_commands where requester_id='71000000-0000-0000-0000-000000000005' and idempotency_key='lifecycle-cancelled-close-1') as commands,(select count(*) from public.inventory_transfer_remainder_closures where transfer_id='71000000-0000-0000-0000-000000000078') as closures,(select count(*) from public.inventory_transfer_events where transfer_id='71000000-0000-0000-0000-000000000078' and action='inventory.transfer_remainder_closed') as events,(select count(*) from public.audit_events where entity_type='inventory_transfer' and entity_id='71000000-0000-0000-0000-000000000078' and action='inventory.transfer_remainder_closed') as audit from public.inventory_transfers where id='71000000-0000-0000-0000-000000000078' \gset cancelled_before_
set local role authenticated;
select set_config('request.jwt.claim.role','authenticated',true),set_config('request.jwt.claim.sub','71000000-0000-0000-0000-000000000005',true);
select public.transfer_test_expect_failure($$select public.close_inventory_transfer_remainder('71000000-0000-0000-0000-000000000078','[{"transfer_line_id":"71000000-0000-0000-0000-000000000079","transfer_allocation_id":"71000000-0000-0000-0000-000000000080","inventory_item_profile_id":"71000000-0000-0000-0000-000000000007","quantity_base":1}]'::jsonb,'lifecycle-cancelled-close-1','valid lifecycle reason')$$,'Inventory transfer remainder closure lifecycle denied');
reset role;
select public.transfer_test_assert((select count(*) from public.inventory_commands where requester_id='71000000-0000-0000-0000-000000000005' and idempotency_key='lifecycle-cancelled-close-1')=:'cancelled_before_commands'::int and (select count(*) from public.inventory_transfer_remainder_closures where transfer_id='71000000-0000-0000-0000-000000000078')=:'cancelled_before_closures'::int and (select count(*) from public.inventory_transfer_events where transfer_id='71000000-0000-0000-0000-000000000078' and action='inventory.transfer_remainder_closed')=:'cancelled_before_events'::int and (select count(*) from public.audit_events where entity_type='inventory_transfer' and entity_id='71000000-0000-0000-0000-000000000078' and action='inventory.transfer_remainder_closed')=:'cancelled_before_audit'::int and (select status from public.inventory_transfers where id='71000000-0000-0000-0000-000000000078')=:'cancelled_before_status' and coalesce((select requested_quantity_base=:'cancelled_before_requested'::numeric and planned_quantity_base=:'cancelled_before_planned'::numeric and issued_quantity_base=:'cancelled_before_issued'::numeric and allocation_closed_quantity_base=:'cancelled_before_allocation_closed'::numeric and line_unallocated_closed_quantity_base=:'cancelled_before_line_unallocated_closed'::numeric and closed_remainder_quantity_base=:'cancelled_before_total_closed'::numeric and planned_quantity_base-issued_quantity_base-allocation_closed_quantity_base=:'cancelled_before_issueable'::numeric and unissued_quantity_base=:'cancelled_before_unissued'::numeric from public.inventory_transfer_summary_projection where transfer_line_id='71000000-0000-0000-0000-000000000079'),false),'cancelled lifecycle denial has no closure effect beyond the prior cancellation');

insert into public.inventory_transfers(id,tenant_id,organization_id,facility_id,source_location_id,destination_root_location_id,transit_location_id,created_by,updated_by)
select '71000000-0000-0000-0000-000000000081',tenant_id,organization_id,facility_id,source_location_id,destination_root_location_id,transit_location_id,'71000000-0000-0000-0000-000000000005','71000000-0000-0000-0000-000000000005' from public.inventory_transfers where id=:'transfer_id'::uuid;
insert into public.inventory_transfer_lines(id,transfer_id,inventory_item_profile_id,requested_quantity_base,created_by) values('71000000-0000-0000-0000-000000000082','71000000-0000-0000-0000-000000000081','71000000-0000-0000-0000-000000000007',4,'71000000-0000-0000-0000-000000000005');
insert into public.inventory_transfer_allocations(id,transfer_line_id,source_location_id,batch_id,recording_channel,planned_quantity_base,created_by) values('71000000-0000-0000-0000-000000000083','71000000-0000-0000-0000-000000000082','71000000-0000-0000-0000-000000000009','71000000-0000-0000-0000-000000000084','system',4,'71000000-0000-0000-0000-000000000005');
set local role authenticated;
select set_config('request.jwt.claim.role','authenticated',true),set_config('request.jwt.claim.sub','71000000-0000-0000-0000-000000000005',true);
select public.reserve_inventory_transfer('71000000-0000-0000-0000-000000000081',now()+interval '1 hour','lifecycle-completed-reserve-1','lifecycle-completed-reserve-hash-0001');
select public.issue_inventory_transfer('71000000-0000-0000-0000-000000000081',jsonb_build_array(jsonb_build_object('transfer_allocation_id','71000000-0000-0000-0000-000000000083','quantity_base',4)),'lifecycle-completed-issue-1','lifecycle-completed-issue-hash-0001','issue completed fixture');
select public.receive_inventory_transfer('71000000-0000-0000-0000-000000000081',jsonb_build_array(jsonb_build_object('transfer_allocation_id','71000000-0000-0000-0000-000000000083','quantity_base',4,'destination_location_id','71000000-0000-0000-0000-000000000011','destination_disposition','available')),'lifecycle-completed-receive-1','lifecycle-completed-receive-hash-0001','receive completed fixture');
reset role;
select requested_quantity_base as requested,planned_quantity_base as planned,issued_quantity_base as issued,allocation_closed_quantity_base as allocation_closed,line_unallocated_closed_quantity_base as line_unallocated_closed,closed_remainder_quantity_base as total_closed,planned_quantity_base-issued_quantity_base-allocation_closed_quantity_base as issueable,unissued_quantity_base as unissued from public.inventory_transfer_summary_projection where transfer_line_id='71000000-0000-0000-0000-000000000082' \gset completed_before_
select status as status,(select count(*) from public.inventory_commands where requester_id='71000000-0000-0000-0000-000000000005' and idempotency_key='lifecycle-completed-close-1') as commands,(select count(*) from public.inventory_transfer_remainder_closures where transfer_id='71000000-0000-0000-0000-000000000081') as closures,(select count(*) from public.inventory_transfer_events where transfer_id='71000000-0000-0000-0000-000000000081' and action='inventory.transfer_remainder_closed') as events,(select count(*) from public.audit_events where entity_type='inventory_transfer' and entity_id='71000000-0000-0000-0000-000000000081' and action='inventory.transfer_remainder_closed') as audit,(select coalesce(sum(quantity_base),0) from public.inventory_balance_projections where location_id='71000000-0000-0000-0000-000000000009' and batch_id='71000000-0000-0000-0000-000000000084' and recording_channel='system' and disposition='available') as source_qty,(select coalesce(sum(quantity_base),0) from public.inventory_balance_projections where location_id=(select transit_location_id from public.inventory_transfers where id='71000000-0000-0000-0000-000000000081') and batch_id='71000000-0000-0000-0000-000000000084' and recording_channel='system' and disposition='transit') as transit_qty,(select coalesce(sum(quantity_base),0) from public.inventory_balance_projections where location_id='71000000-0000-0000-0000-000000000011' and batch_id='71000000-0000-0000-0000-000000000084' and recording_channel='system' and disposition='available') as destination_qty from public.inventory_transfers where id='71000000-0000-0000-0000-000000000081' \gset completed_before_
select public.transfer_test_physical_grain_mismatches('71000000-0000-0000-0000-000000000007',:'opening_base_unit'::uuid,jsonb_build_array(jsonb_build_object('location_id','71000000-0000-0000-0000-000000000009','batch_id','71000000-0000-0000-0000-000000000084','disposition','available'),jsonb_build_object('location_id',(select transit_location_id from public.inventory_transfers where id='71000000-0000-0000-0000-000000000081'),'batch_id','71000000-0000-0000-0000-000000000084','disposition','transit'),jsonb_build_object('location_id','71000000-0000-0000-0000-000000000011','batch_id','71000000-0000-0000-0000-000000000084','disposition','available'))) as mismatches \gset completed_before_
select public.transfer_test_assert(:'completed_before_status'='completed','completed lifecycle fixture reaches completed through public issue and receipt');
set local role authenticated;
select set_config('request.jwt.claim.role','authenticated',true),set_config('request.jwt.claim.sub','71000000-0000-0000-0000-000000000005',true);
select public.transfer_test_expect_failure($$select public.close_inventory_transfer_remainder('71000000-0000-0000-0000-000000000081','[{"transfer_line_id":"71000000-0000-0000-0000-000000000082","transfer_allocation_id":"71000000-0000-0000-0000-000000000083","inventory_item_profile_id":"71000000-0000-0000-0000-000000000007","quantity_base":1}]'::jsonb,'lifecycle-completed-close-1','valid lifecycle reason')$$,'Inventory transfer remainder closure lifecycle denied');
reset role;
select public.transfer_test_assert((select count(*) from public.inventory_commands where requester_id='71000000-0000-0000-0000-000000000005' and idempotency_key='lifecycle-completed-close-1')=:'completed_before_commands'::int and (select count(*) from public.inventory_transfer_remainder_closures where transfer_id='71000000-0000-0000-0000-000000000081')=:'completed_before_closures'::int and (select count(*) from public.inventory_transfer_events where transfer_id='71000000-0000-0000-0000-000000000081' and action='inventory.transfer_remainder_closed')=:'completed_before_events'::int and (select count(*) from public.audit_events where entity_type='inventory_transfer' and entity_id='71000000-0000-0000-0000-000000000081' and action='inventory.transfer_remainder_closed')=:'completed_before_audit'::int and (select status from public.inventory_transfers where id='71000000-0000-0000-0000-000000000081')=:'completed_before_status' and (select coalesce(sum(quantity_base),0) from public.inventory_balance_projections where location_id='71000000-0000-0000-0000-000000000009' and batch_id='71000000-0000-0000-0000-000000000084' and recording_channel='system' and disposition='available')=:'completed_before_source_qty'::numeric and (select coalesce(sum(quantity_base),0) from public.inventory_balance_projections where location_id=(select transit_location_id from public.inventory_transfers where id='71000000-0000-0000-0000-000000000081') and batch_id='71000000-0000-0000-0000-000000000084' and recording_channel='system' and disposition='transit')=:'completed_before_transit_qty'::numeric and (select coalesce(sum(quantity_base),0) from public.inventory_balance_projections where location_id='71000000-0000-0000-0000-000000000011' and batch_id='71000000-0000-0000-0000-000000000084' and recording_channel='system' and disposition='available')=:'completed_before_destination_qty'::numeric and public.transfer_test_physical_grain_mismatches('71000000-0000-0000-0000-000000000007',:'opening_base_unit'::uuid,jsonb_build_array(jsonb_build_object('location_id','71000000-0000-0000-0000-000000000009','batch_id','71000000-0000-0000-0000-000000000084','disposition','available'),jsonb_build_object('location_id',(select transit_location_id from public.inventory_transfers where id='71000000-0000-0000-0000-000000000081'),'batch_id','71000000-0000-0000-0000-000000000084','disposition','transit'),jsonb_build_object('location_id','71000000-0000-0000-0000-000000000011','batch_id','71000000-0000-0000-0000-000000000084','disposition','available'))) = :'completed_before_mismatches'::int and :'completed_before_mismatches'::int=0 and coalesce((select requested_quantity_base=:'completed_before_requested'::numeric and planned_quantity_base=:'completed_before_planned'::numeric and issued_quantity_base=:'completed_before_issued'::numeric and allocation_closed_quantity_base=:'completed_before_allocation_closed'::numeric and line_unallocated_closed_quantity_base=:'completed_before_line_unallocated_closed'::numeric and closed_remainder_quantity_base=:'completed_before_total_closed'::numeric and planned_quantity_base-issued_quantity_base-allocation_closed_quantity_base=:'completed_before_issueable'::numeric and unissued_quantity_base=:'completed_before_unissued'::numeric from public.inventory_transfer_summary_projection where transfer_line_id='71000000-0000-0000-0000-000000000082'),false),'completed lifecycle denial preserves ledger-backed state, status and summary');

-- Dedicated permission toggle: the narrow actor has cancel, but no
-- close-remainder permission until the trusted test setup grants that key.
select public.transfer_test_assert((select count(*)=1 from public.permissions where key='inventory.transfer.close_remainder') and (select id from public.permissions where key='inventory.transfer.close_remainder')<>(select id from public.permissions where key='inventory.transfer.cancel') and (select count(*)=1 from public.role_permissions rp join public.permissions p on p.id=rp.permission_id where rp.role_id='71000000-0000-0000-0000-000000000086' and p.key='inventory.transfer.cancel') and (select count(*)=0 from public.role_permissions rp join public.permissions p on p.id=rp.permission_id where rp.role_id='71000000-0000-0000-0000-000000000086' and p.key='inventory.transfer.close_remainder'),'narrow role starts with cancel only and close-remainder is distinct');
insert into public.inventory_transfers(id,tenant_id,organization_id,facility_id,source_location_id,destination_root_location_id,transit_location_id,created_by,updated_by)
select '71000000-0000-0000-0000-000000000087',tenant_id,organization_id,facility_id,source_location_id,destination_root_location_id,transit_location_id,'71000000-0000-0000-0000-000000000005','71000000-0000-0000-0000-000000000005' from public.inventory_transfers where id=:'transfer_id'::uuid;
insert into public.inventory_transfer_lines(id,transfer_id,inventory_item_profile_id,requested_quantity_base,created_by) values('71000000-0000-0000-0000-000000000088','71000000-0000-0000-0000-000000000087','71000000-0000-0000-0000-000000000007',10,'71000000-0000-0000-0000-000000000005');
insert into public.inventory_transfer_allocations(id,transfer_line_id,source_location_id,batch_id,recording_channel,planned_quantity_base,created_by) values('71000000-0000-0000-0000-000000000089','71000000-0000-0000-0000-000000000088','71000000-0000-0000-0000-000000000009','71000000-0000-0000-0000-000000000090','system',6,'71000000-0000-0000-0000-000000000005');
set local role authenticated;
select set_config('request.jwt.claim.role','authenticated',true),set_config('request.jwt.claim.sub','71000000-0000-0000-0000-000000000005',true);
select public.reserve_inventory_transfer('71000000-0000-0000-0000-000000000087',now()+interval '1 hour','permission-toggle-reserve-1','permission-toggle-reserve-hash-0001');
select public.issue_inventory_transfer('71000000-0000-0000-0000-000000000087',jsonb_build_array(jsonb_build_object('transfer_allocation_id','71000000-0000-0000-0000-000000000089','quantity_base',3)),'permission-toggle-issue-1','permission-toggle-issue-hash-0001','issue permission fixture');
reset role;
select requested_quantity_base as requested,planned_quantity_base as planned,issued_quantity_base as issued,allocation_closed_quantity_base as allocation_closed,line_unallocated_closed_quantity_base as line_unallocated_closed,closed_remainder_quantity_base as total_closed,planned_quantity_base-issued_quantity_base-allocation_closed_quantity_base as issueable,unissued_quantity_base as unissued from public.inventory_transfer_summary_projection where transfer_line_id='71000000-0000-0000-0000-000000000088' \gset permission_before_
select status as status,(select count(*) from public.inventory_commands where requester_id='71000000-0000-0000-0000-000000000085' and idempotency_key='permission-toggle-close-denied-1') as commands,(select count(*) from public.inventory_transfer_remainder_closures where transfer_id='71000000-0000-0000-0000-000000000087') as closures,(select count(*) from public.inventory_transfer_events where transfer_id='71000000-0000-0000-0000-000000000087' and action='inventory.transfer_remainder_closed') as events,(select count(*) from public.audit_events where entity_type='inventory_transfer' and entity_id='71000000-0000-0000-0000-000000000087' and action='inventory.transfer_remainder_closed') as audit,(select count(*) from public.inventory_ledger_entries where batch_id='71000000-0000-0000-0000-000000000090') as ledger,(select count(*) from public.inventory_balance_projections where batch_id='71000000-0000-0000-0000-000000000090') as projections,public.transfer_test_physical_grain_mismatches('71000000-0000-0000-0000-000000000007',:'opening_base_unit'::uuid,jsonb_build_array(jsonb_build_object('location_id','71000000-0000-0000-0000-000000000009','batch_id','71000000-0000-0000-0000-000000000090','disposition','available'),jsonb_build_object('location_id',(select transit_location_id from public.inventory_transfers where id='71000000-0000-0000-0000-000000000087'),'batch_id','71000000-0000-0000-0000-000000000090','disposition','transit'))) as mismatches from public.inventory_transfers where id='71000000-0000-0000-0000-000000000087' \gset permission_before_
set local role authenticated;
select set_config('request.jwt.claim.role','authenticated',true),set_config('request.jwt.claim.sub','71000000-0000-0000-0000-000000000085',true);
select public.transfer_test_expect_failure($$select public.close_inventory_transfer_remainder('71000000-0000-0000-0000-000000000087','[{"transfer_line_id":"71000000-0000-0000-0000-000000000088","transfer_allocation_id":"71000000-0000-0000-0000-000000000089","inventory_item_profile_id":"71000000-0000-0000-0000-000000000007","quantity_base":2}]'::jsonb,'permission-toggle-close-denied-1','valid permission reason')$$,'Inventory transfer remainder closure authorization denied');
reset role;
select public.transfer_test_assert((select count(*) from public.inventory_commands where requester_id='71000000-0000-0000-0000-000000000085' and idempotency_key='permission-toggle-close-denied-1')=:'permission_before_commands'::int and (select count(*) from public.inventory_transfer_remainder_closures where transfer_id='71000000-0000-0000-0000-000000000087')=:'permission_before_closures'::int and (select count(*) from public.inventory_transfer_events where transfer_id='71000000-0000-0000-0000-000000000087' and action='inventory.transfer_remainder_closed')=:'permission_before_events'::int and (select count(*) from public.audit_events where entity_type='inventory_transfer' and entity_id='71000000-0000-0000-0000-000000000087' and action='inventory.transfer_remainder_closed')=:'permission_before_audit'::int and (select count(*) from public.inventory_ledger_entries where batch_id='71000000-0000-0000-0000-000000000090')=:'permission_before_ledger'::int and (select count(*) from public.inventory_balance_projections where batch_id='71000000-0000-0000-0000-000000000090')=:'permission_before_projections'::int and public.transfer_test_physical_grain_mismatches('71000000-0000-0000-0000-000000000007',:'opening_base_unit'::uuid,jsonb_build_array(jsonb_build_object('location_id','71000000-0000-0000-0000-000000000009','batch_id','71000000-0000-0000-0000-000000000090','disposition','available'),jsonb_build_object('location_id',(select transit_location_id from public.inventory_transfers where id='71000000-0000-0000-0000-000000000087'),'batch_id','71000000-0000-0000-0000-000000000090','disposition','transit'))) = :'permission_before_mismatches'::int and :'permission_before_mismatches'::int=0 and (select status from public.inventory_transfers where id='71000000-0000-0000-0000-000000000087')=:'permission_before_status' and coalesce((select requested_quantity_base=:'permission_before_requested'::numeric and planned_quantity_base=:'permission_before_planned'::numeric and issued_quantity_base=:'permission_before_issued'::numeric and allocation_closed_quantity_base=:'permission_before_allocation_closed'::numeric and line_unallocated_closed_quantity_base=:'permission_before_line_unallocated_closed'::numeric and closed_remainder_quantity_base=:'permission_before_total_closed'::numeric and planned_quantity_base-issued_quantity_base-allocation_closed_quantity_base=:'permission_before_issueable'::numeric and unissued_quantity_base=:'permission_before_unissued'::numeric from public.inventory_transfer_summary_projection where transfer_line_id='71000000-0000-0000-0000-000000000088'),false),'cancel-only actor is denied without any closure side effect');

insert into public.role_permissions(role_id,permission_id) select '71000000-0000-0000-0000-000000000086',id from public.permissions where key='inventory.transfer.close_remainder';
select public.transfer_test_assert((select count(*)=1 from public.role_permissions rp join public.permissions p on p.id=rp.permission_id where rp.role_id='71000000-0000-0000-0000-000000000086' and p.key='inventory.transfer.cancel') and (select count(*)=1 from public.role_permissions rp join public.permissions p on p.id=rp.permission_id where rp.role_id='71000000-0000-0000-0000-000000000086' and p.key='inventory.transfer.close_remainder'),'narrow role has both distinct permissions only after explicit close-remainder grant');
set local role authenticated;
select set_config('request.jwt.claim.role','authenticated',true),set_config('request.jwt.claim.sub','71000000-0000-0000-0000-000000000085',true);
select public.close_inventory_transfer_remainder('71000000-0000-0000-0000-000000000087',jsonb_build_array(jsonb_build_object('transfer_line_id','71000000-0000-0000-0000-000000000088','transfer_allocation_id','71000000-0000-0000-0000-000000000089','inventory_item_profile_id','71000000-0000-0000-0000-000000000007','quantity_base',2)),'permission-toggle-close-granted-1','valid permission reason');
reset role;
select public.transfer_test_assert((select count(*)=1 from public.inventory_commands where requester_id='71000000-0000-0000-0000-000000000085' and idempotency_key='permission-toggle-close-granted-1' and status='posted') and (select count(*)=1 from public.inventory_transfer_remainder_closures where transfer_id='71000000-0000-0000-0000-000000000087') and (select count(*)=1 from public.inventory_transfer_events where transfer_id='71000000-0000-0000-0000-000000000087' and action='inventory.transfer_remainder_closed') and (select count(*)=1 from public.audit_events where entity_type='inventory_transfer' and entity_id='71000000-0000-0000-0000-000000000087' and action='inventory.transfer_remainder_closed') and (select count(*) from public.inventory_ledger_entries where batch_id='71000000-0000-0000-0000-000000000090')=:'permission_before_ledger'::int and (select count(*) from public.inventory_balance_projections where batch_id='71000000-0000-0000-0000-000000000090')=:'permission_before_projections'::int and coalesce((select issued_quantity_base=3 and allocation_closed_quantity_base=2 and closed_remainder_quantity_base=2 and unissued_quantity_base=5 from public.inventory_transfer_summary_projection where transfer_line_id='71000000-0000-0000-0000-000000000088'),false) and coalesce((select status='partially_issued' from public.inventory_transfers where id='71000000-0000-0000-0000-000000000087'),false),'close-remainder grant alone permits one non-physical closure with the exact summary delta');

delete from public.role_permissions rp using public.permissions p where rp.role_id='71000000-0000-0000-0000-000000000086' and rp.permission_id=p.id and p.key='inventory.transfer.close_remainder';
select public.transfer_test_assert((select count(*)=1 from public.role_permissions rp join public.permissions p on p.id=rp.permission_id where rp.role_id='71000000-0000-0000-0000-000000000086' and p.key='inventory.transfer.cancel') and (select count(*)=0 from public.role_permissions rp join public.permissions p on p.id=rp.permission_id where rp.role_id='71000000-0000-0000-0000-000000000086' and p.key='inventory.transfer.close_remainder'),'removing close-remainder retains cancel only');
select status as status,(select count(*) from public.inventory_commands where requester_id='71000000-0000-0000-0000-000000000085' and idempotency_key='permission-toggle-close-denied-2') as commands,(select count(*) from public.inventory_transfer_remainder_closures where transfer_id='71000000-0000-0000-0000-000000000087') as closures,(select count(*) from public.inventory_transfer_events where transfer_id='71000000-0000-0000-0000-000000000087' and action='inventory.transfer_remainder_closed') as events,(select count(*) from public.audit_events where entity_type='inventory_transfer' and entity_id='71000000-0000-0000-0000-000000000087' and action='inventory.transfer_remainder_closed') as audit,(select count(*) from public.inventory_ledger_entries where batch_id='71000000-0000-0000-0000-000000000090') as ledger,(select count(*) from public.inventory_balance_projections where batch_id='71000000-0000-0000-0000-000000000090') as projections,public.transfer_test_physical_grain_mismatches('71000000-0000-0000-0000-000000000007',:'opening_base_unit'::uuid,jsonb_build_array(jsonb_build_object('location_id','71000000-0000-0000-0000-000000000009','batch_id','71000000-0000-0000-0000-000000000090','disposition','available'),jsonb_build_object('location_id',(select transit_location_id from public.inventory_transfers where id='71000000-0000-0000-0000-000000000087'),'batch_id','71000000-0000-0000-0000-000000000090','disposition','transit'))) as mismatches from public.inventory_transfers where id='71000000-0000-0000-0000-000000000087' \gset permission_after_grant_
select requested_quantity_base as requested,planned_quantity_base as planned,issued_quantity_base as issued,allocation_closed_quantity_base as allocation_closed,line_unallocated_closed_quantity_base as line_unallocated_closed,closed_remainder_quantity_base as total_closed,planned_quantity_base-issued_quantity_base-allocation_closed_quantity_base as issueable,unissued_quantity_base as unissued from public.inventory_transfer_summary_projection where transfer_line_id='71000000-0000-0000-0000-000000000088' \gset permission_after_grant_
set local role authenticated;
select set_config('request.jwt.claim.role','authenticated',true),set_config('request.jwt.claim.sub','71000000-0000-0000-0000-000000000085',true);
select public.transfer_test_expect_failure($$select public.close_inventory_transfer_remainder('71000000-0000-0000-0000-000000000087','[{"transfer_line_id":"71000000-0000-0000-0000-000000000088","transfer_allocation_id":"71000000-0000-0000-0000-000000000089","inventory_item_profile_id":"71000000-0000-0000-0000-000000000007","quantity_base":1}]'::jsonb,'permission-toggle-close-denied-2','valid permission reason')$$,'Inventory transfer remainder closure authorization denied');
reset role;
select public.transfer_test_assert((select count(*) from public.inventory_commands where requester_id='71000000-0000-0000-0000-000000000085' and idempotency_key='permission-toggle-close-denied-2')=:'permission_after_grant_commands'::int and (select count(*) from public.inventory_transfer_remainder_closures where transfer_id='71000000-0000-0000-0000-000000000087')=:'permission_after_grant_closures'::int and (select count(*) from public.inventory_transfer_events where transfer_id='71000000-0000-0000-0000-000000000087' and action='inventory.transfer_remainder_closed')=:'permission_after_grant_events'::int and (select count(*) from public.audit_events where entity_type='inventory_transfer' and entity_id='71000000-0000-0000-0000-000000000087' and action='inventory.transfer_remainder_closed')=:'permission_after_grant_audit'::int and (select count(*) from public.inventory_ledger_entries where batch_id='71000000-0000-0000-0000-000000000090')=:'permission_after_grant_ledger'::int and (select count(*) from public.inventory_balance_projections where batch_id='71000000-0000-0000-0000-000000000090')=:'permission_after_grant_projections'::int and public.transfer_test_physical_grain_mismatches('71000000-0000-0000-0000-000000000007',:'opening_base_unit'::uuid,jsonb_build_array(jsonb_build_object('location_id','71000000-0000-0000-0000-000000000009','batch_id','71000000-0000-0000-0000-000000000090','disposition','available'),jsonb_build_object('location_id',(select transit_location_id from public.inventory_transfers where id='71000000-0000-0000-0000-000000000087'),'batch_id','71000000-0000-0000-0000-000000000090','disposition','transit'))) = :'permission_after_grant_mismatches'::int and :'permission_after_grant_mismatches'::int=0 and (select status from public.inventory_transfers where id='71000000-0000-0000-0000-000000000087')=:'permission_after_grant_status' and coalesce((select requested_quantity_base=:'permission_after_grant_requested'::numeric and planned_quantity_base=:'permission_after_grant_planned'::numeric and issued_quantity_base=:'permission_after_grant_issued'::numeric and allocation_closed_quantity_base=:'permission_after_grant_allocation_closed'::numeric and line_unallocated_closed_quantity_base=:'permission_after_grant_line_unallocated_closed'::numeric and closed_remainder_quantity_base=:'permission_after_grant_total_closed'::numeric and planned_quantity_base-issued_quantity_base-allocation_closed_quantity_base=:'permission_after_grant_issueable'::numeric and unissued_quantity_base=:'permission_after_grant_unissued'::numeric from public.inventory_transfer_summary_projection where transfer_line_id='71000000-0000-0000-0000-000000000088'),false),'removing close-remainder restores deterministic authorization denial without partial effects');

-- Request-wide closure bound: allocation A and B are each planned for 6,
-- while the line request is 8 and A has already issued 5.
insert into public.inventory_transfers(id,tenant_id,organization_id,facility_id,source_location_id,destination_root_location_id,transit_location_id,created_by,updated_by)
select '71000000-0000-0000-0000-000000000091',tenant_id,organization_id,facility_id,source_location_id,destination_root_location_id,transit_location_id,'71000000-0000-0000-0000-000000000005','71000000-0000-0000-0000-000000000005' from public.inventory_transfers where id=:'transfer_id'::uuid;
insert into public.inventory_transfer_lines(id,transfer_id,inventory_item_profile_id,requested_quantity_base,created_by) values('71000000-0000-0000-0000-000000000092','71000000-0000-0000-0000-000000000091','71000000-0000-0000-0000-000000000007',8,'71000000-0000-0000-0000-000000000005');
insert into public.inventory_transfer_allocations(id,transfer_line_id,source_location_id,batch_id,recording_channel,planned_quantity_base,created_by) values('71000000-0000-0000-0000-000000000093','71000000-0000-0000-0000-000000000092','71000000-0000-0000-0000-000000000009','71000000-0000-0000-0000-000000000095','system',6,'71000000-0000-0000-0000-000000000005'),('71000000-0000-0000-0000-000000000094','71000000-0000-0000-0000-000000000092','71000000-0000-0000-0000-000000000009','71000000-0000-0000-0000-000000000096','system',6,'71000000-0000-0000-0000-000000000005');
set local role authenticated;
select set_config('request.jwt.claim.role','authenticated',true),set_config('request.jwt.claim.sub','71000000-0000-0000-0000-000000000005',true);
select public.reserve_inventory_transfer('71000000-0000-0000-0000-000000000091',now()+interval '1 hour','closure-line-bound-reserve-1','closure-line-bound-reserve-hash-0001');
select public.issue_inventory_transfer('71000000-0000-0000-0000-000000000091',jsonb_build_array(jsonb_build_object('transfer_allocation_id','71000000-0000-0000-0000-000000000093','quantity_base',5)),'closure-line-bound-issue-a-1','closure-line-bound-issue-a-hash-0001','issue allocation A');
reset role;
select public.transfer_test_assert(position('where id=p_transfer for update' in pg_get_functiondef('public.close_inventory_transfer_remainder(uuid,jsonb,text,text)'::regprocedure))>0 and position('where id=p_transfer for update' in pg_get_functiondef('public.close_inventory_transfer_remainder(uuid,jsonb,text,text)'::regprocedure))<position('claim_inventory_transfer_command' in pg_get_functiondef('public.close_inventory_transfer_remainder(uuid,jsonb,text,text)'::regprocedure)) and position('Inventory transfer remainder closure lifecycle denied' in pg_get_functiondef('public.close_inventory_transfer_remainder(uuid,jsonb,text,text)'::regprocedure))>0 and position('Inventory transfer remainder closure authorization denied' in pg_get_functiondef('public.close_inventory_transfer_remainder(uuid,jsonb,text,text)'::regprocedure))>0,'closure locks and revalidates lifecycle and authorization before command claim');
select requested_quantity_base as requested,planned_quantity_base as planned,issued_quantity_base as issued,allocation_closed_quantity_base as allocation_closed,line_unallocated_closed_quantity_base as line_unallocated_closed,closed_remainder_quantity_base as total_closed,planned_quantity_base-issued_quantity_base-allocation_closed_quantity_base as issueable,unissued_quantity_base as unissued from public.inventory_transfer_summary_projection where transfer_line_id='71000000-0000-0000-0000-000000000092' \gset closure_line_bound_before_
select status as status,(select count(*) from public.inventory_transfer_remainder_closures where transfer_id='71000000-0000-0000-0000-000000000091') as closures,(select count(*) from public.inventory_reservation_adjustments ra join public.inventory_reservations r on r.id=ra.reservation_id join public.inventory_transfer_allocations a on a.id=r.transfer_allocation_id where a.transfer_line_id='71000000-0000-0000-0000-000000000092') as reservation_adjustments,(select count(*) from public.inventory_transfer_events where transfer_id='71000000-0000-0000-0000-000000000091' and action='inventory.transfer_remainder_closed') as events,(select count(*) from public.audit_events where entity_type='inventory_transfer' and entity_id='71000000-0000-0000-0000-000000000091' and action='inventory.transfer_remainder_closed') as audit,(select count(*) from public.inventory_ledger_entries where batch_id in ('71000000-0000-0000-0000-000000000095','71000000-0000-0000-0000-000000000096')) as ledger,(select count(*) from public.inventory_balance_projections where batch_id in ('71000000-0000-0000-0000-000000000095','71000000-0000-0000-0000-000000000096')) as projections,public.transfer_test_physical_grain_mismatches('71000000-0000-0000-0000-000000000007',:'opening_base_unit'::uuid,jsonb_build_array(jsonb_build_object('location_id','71000000-0000-0000-0000-000000000009','batch_id','71000000-0000-0000-0000-000000000095','disposition','available'),jsonb_build_object('location_id',(select transit_location_id from public.inventory_transfers where id='71000000-0000-0000-0000-000000000091'),'batch_id','71000000-0000-0000-0000-000000000095','disposition','transit'),jsonb_build_object('location_id','71000000-0000-0000-0000-000000000009','batch_id','71000000-0000-0000-0000-000000000096','disposition','available'),jsonb_build_object('location_id',(select transit_location_id from public.inventory_transfers where id='71000000-0000-0000-0000-000000000091'),'batch_id','71000000-0000-0000-0000-000000000096','disposition','transit'))) as mismatches from public.inventory_transfers where id='71000000-0000-0000-0000-000000000091' \gset closure_line_bound_before_
select public.transfer_test_assert(:'closure_line_bound_before_requested'::numeric=8 and :'closure_line_bound_before_planned'::numeric=12 and :'closure_line_bound_before_issued'::numeric=5 and :'closure_line_bound_before_total_closed'::numeric=0 and :'closure_line_bound_before_issueable'::numeric=7 and :'closure_line_bound_before_unissued'::numeric=3,'closure line-bound fixture begins at requested 8, planned 12, issued 5');
set local role authenticated;
select set_config('request.jwt.claim.role','authenticated',true),set_config('request.jwt.claim.sub','71000000-0000-0000-0000-000000000005',true);
select public.transfer_test_expect_failure($$select public.close_inventory_transfer_remainder('71000000-0000-0000-0000-000000000091','[{"transfer_line_id":"71000000-0000-0000-0000-000000000092","transfer_allocation_id":"71000000-0000-0000-0000-000000000094","inventory_item_profile_id":"71000000-0000-0000-0000-000000000007","quantity_base":4}]'::jsonb,'closure-line-bound-single-over-1','valid line-bound reason')$$,'Inventory transfer remainder closure exceeds line requested quantity');
select public.transfer_test_expect_failure($$select public.close_inventory_transfer_remainder('71000000-0000-0000-0000-000000000091','[{"transfer_line_id":"71000000-0000-0000-0000-000000000092","transfer_allocation_id":"71000000-0000-0000-0000-000000000093","inventory_item_profile_id":"71000000-0000-0000-0000-000000000007","quantity_base":1},{"transfer_line_id":"71000000-0000-0000-0000-000000000092","transfer_allocation_id":"71000000-0000-0000-0000-000000000094","inventory_item_profile_id":"71000000-0000-0000-0000-000000000007","quantity_base":3}]'::jsonb,'closure-line-bound-multi-over-1','valid line-bound reason')$$,'Inventory transfer remainder closure exceeds line requested quantity');
reset role;
select public.transfer_test_assert((select count(*) from public.inventory_commands where requester_id='71000000-0000-0000-0000-000000000005' and idempotency_key in ('closure-line-bound-single-over-1','closure-line-bound-multi-over-1'))=0 and (select count(*) from public.inventory_transfer_remainder_closures where transfer_id='71000000-0000-0000-0000-000000000091')=:'closure_line_bound_before_closures'::int and (select count(*) from public.inventory_reservation_adjustments ra join public.inventory_reservations r on r.id=ra.reservation_id join public.inventory_transfer_allocations a on a.id=r.transfer_allocation_id where a.transfer_line_id='71000000-0000-0000-0000-000000000092')=:'closure_line_bound_before_reservation_adjustments'::int and (select count(*) from public.inventory_transfer_events where transfer_id='71000000-0000-0000-0000-000000000091' and action='inventory.transfer_remainder_closed')=:'closure_line_bound_before_events'::int and (select count(*) from public.audit_events where entity_type='inventory_transfer' and entity_id='71000000-0000-0000-0000-000000000091' and action='inventory.transfer_remainder_closed')=:'closure_line_bound_before_audit'::int and (select count(*) from public.inventory_ledger_entries where batch_id in ('71000000-0000-0000-0000-000000000095','71000000-0000-0000-0000-000000000096'))=:'closure_line_bound_before_ledger'::int and (select count(*) from public.inventory_balance_projections where batch_id in ('71000000-0000-0000-0000-000000000095','71000000-0000-0000-0000-000000000096'))=:'closure_line_bound_before_projections'::int and public.transfer_test_physical_grain_mismatches('71000000-0000-0000-0000-000000000007',:'opening_base_unit'::uuid,jsonb_build_array(jsonb_build_object('location_id','71000000-0000-0000-0000-000000000009','batch_id','71000000-0000-0000-0000-000000000095','disposition','available'),jsonb_build_object('location_id',(select transit_location_id from public.inventory_transfers where id='71000000-0000-0000-0000-000000000091'),'batch_id','71000000-0000-0000-0000-000000000095','disposition','transit'),jsonb_build_object('location_id','71000000-0000-0000-0000-000000000009','batch_id','71000000-0000-0000-0000-000000000096','disposition','available'),jsonb_build_object('location_id',(select transit_location_id from public.inventory_transfers where id='71000000-0000-0000-0000-000000000091'),'batch_id','71000000-0000-0000-0000-000000000096','disposition','transit'))) = :'closure_line_bound_before_mismatches'::int and :'closure_line_bound_before_mismatches'::int=0 and (select status from public.inventory_transfers where id='71000000-0000-0000-0000-000000000091')=:'closure_line_bound_before_status' and coalesce((select requested_quantity_base=:'closure_line_bound_before_requested'::numeric and planned_quantity_base=:'closure_line_bound_before_planned'::numeric and issued_quantity_base=:'closure_line_bound_before_issued'::numeric and allocation_closed_quantity_base=:'closure_line_bound_before_allocation_closed'::numeric and line_unallocated_closed_quantity_base=:'closure_line_bound_before_line_unallocated_closed'::numeric and closed_remainder_quantity_base=:'closure_line_bound_before_total_closed'::numeric and planned_quantity_base-issued_quantity_base-allocation_closed_quantity_base=:'closure_line_bound_before_issueable'::numeric and unissued_quantity_base=:'closure_line_bound_before_unissued'::numeric from public.inventory_transfer_summary_projection where transfer_line_id='71000000-0000-0000-0000-000000000092'),false),'over-bound allocation closures leave no command, adjustment, event, audit, status, summary, ledger or projection effect');
set local role authenticated;
select set_config('request.jwt.claim.role','authenticated',true),set_config('request.jwt.claim.sub','71000000-0000-0000-0000-000000000005',true);
select public.close_inventory_transfer_remainder('71000000-0000-0000-0000-000000000091',jsonb_build_array(jsonb_build_object('transfer_line_id','71000000-0000-0000-0000-000000000092','transfer_allocation_id','71000000-0000-0000-0000-000000000094','inventory_item_profile_id','71000000-0000-0000-0000-000000000007','quantity_base',3)),'closure-line-bound-boundary-1','close exactly to line request');
reset role;
select public.transfer_test_assert((select count(*)=1 from public.inventory_commands where requester_id='71000000-0000-0000-0000-000000000005' and idempotency_key='closure-line-bound-boundary-1' and status='posted') and coalesce((select issued_quantity_base=5 and allocation_closed_quantity_base=3 and closed_remainder_quantity_base=3 and unissued_quantity_base=0 from public.inventory_transfer_summary_projection where transfer_line_id='71000000-0000-0000-0000-000000000092'),false) and (select count(*)=1 from public.inventory_transfer_remainder_closures where transfer_id='71000000-0000-0000-0000-000000000091') and (select count(*)=1 from public.inventory_reservation_adjustments ra join public.inventory_reservations r on r.id=ra.reservation_id where r.transfer_allocation_id='71000000-0000-0000-0000-000000000094' and ra.adjustment_type='closure_released' and ra.quantity_base=3) and (select count(*) from public.inventory_ledger_entries where batch_id in ('71000000-0000-0000-0000-000000000095','71000000-0000-0000-0000-000000000096'))=:'closure_line_bound_before_ledger'::int and (select count(*) from public.inventory_balance_projections where batch_id in ('71000000-0000-0000-0000-000000000095','71000000-0000-0000-0000-000000000096'))=:'closure_line_bound_before_projections'::int,'line-bound closure succeeds exactly at issued plus closed equals requested without physical movement');

-- Anti-Cartesian regression: two planned grains, two posted issue rows, and
-- an existing line-unallocated closure on one line.  The independent sums are
-- 12 planned, 5 issued, and 2 line-unallocated closed (not multiplied).
reset role;
insert into public.inventory_transfers(id,tenant_id,organization_id,facility_id,source_location_id,destination_root_location_id,transit_location_id,created_by,updated_by)
select '71000000-0000-0000-0000-000000000051',tenant_id,organization_id,facility_id,source_location_id,destination_root_location_id,transit_location_id,'71000000-0000-0000-0000-000000000005','71000000-0000-0000-0000-000000000005' from public.inventory_transfers where id=:'transfer_id'::uuid;
insert into public.inventory_transfer_lines(id,transfer_id,inventory_item_profile_id,requested_quantity_base,created_by) values('71000000-0000-0000-0000-000000000052','71000000-0000-0000-0000-000000000051','71000000-0000-0000-0000-000000000007',20,'71000000-0000-0000-0000-000000000005');
insert into public.inventory_transfer_allocations(id,transfer_line_id,source_location_id,batch_id,recording_channel,planned_quantity_base,created_by) values('71000000-0000-0000-0000-000000000053','71000000-0000-0000-0000-000000000052','71000000-0000-0000-0000-000000000009','71000000-0000-0000-0000-000000000025','system',5,'71000000-0000-0000-0000-000000000005'),('71000000-0000-0000-0000-000000000054','71000000-0000-0000-0000-000000000052','71000000-0000-0000-0000-000000000009','71000000-0000-0000-0000-000000000025','legacy_off_system',7,'71000000-0000-0000-0000-000000000005');
set local role authenticated;
select set_config('request.jwt.claim.role','authenticated',true),set_config('request.jwt.claim.sub','71000000-0000-0000-0000-000000000005',true);
select public.reserve_inventory_transfer('71000000-0000-0000-0000-000000000051',now()+interval '1 hour','anti-cart-reserve','anti-cart-reserve-hash');
select public.issue_inventory_transfer('71000000-0000-0000-0000-000000000051',jsonb_build_array(jsonb_build_object('transfer_allocation_id','71000000-0000-0000-0000-000000000053','quantity_base',2)),'anti-cart-issue-a','anti-cart-issue-a-hash','issue A');
select public.issue_inventory_transfer('71000000-0000-0000-0000-000000000051',jsonb_build_array(jsonb_build_object('transfer_allocation_id','71000000-0000-0000-0000-000000000054','quantity_base',3)),'anti-cart-issue-b','anti-cart-issue-b-hash','issue B');
select public.close_inventory_transfer_remainder('71000000-0000-0000-0000-000000000051',jsonb_build_array(jsonb_build_object('transfer_line_id','71000000-0000-0000-0000-000000000052','inventory_item_profile_id','71000000-0000-0000-0000-000000000007','quantity_base',2)),'anti-cart-close-existing','existing unallocated closure');
reset role;
select public.transfer_test_assert(coalesce((select planned_quantity_base=12 and issued_quantity_base=5 and line_unallocated_closed_quantity_base=2 from public.inventory_transfer_summary_projection where transfer_line_id='71000000-0000-0000-0000-000000000052'),false),'anti-Cartesian independent aggregates are 12 planned, 5 issued, and 2 line-unallocated closed');
select public.transfer_test_assert((select sum(planned_quantity_base)=12 from public.inventory_transfer_allocations where transfer_line_id='71000000-0000-0000-0000-000000000052') and (select sum(quantity_base)=5 from public.inventory_transfer_operations where transfer_id='71000000-0000-0000-0000-000000000051' and operation_type='issue') and (select sum(quantity_base)=2 from public.inventory_transfer_remainder_closures where transfer_line_id='71000000-0000-0000-0000-000000000052' and transfer_allocation_id is null),'anti-Cartesian raw independent sums match the projection');
set local role authenticated;
select set_config('request.jwt.claim.role','authenticated',true),set_config('request.jwt.claim.sub','71000000-0000-0000-0000-000000000005',true);
select public.close_inventory_transfer_remainder('71000000-0000-0000-0000-000000000051',jsonb_build_array(jsonb_build_object('transfer_line_id','71000000-0000-0000-0000-000000000052','inventory_item_profile_id','71000000-0000-0000-0000-000000000007','quantity_base',6)),'anti-cart-close-six','close remaining never allocated');
reset role;
select public.transfer_test_assert(coalesce((select planned_quantity_base=12 and issued_quantity_base=5 and line_unallocated_closed_quantity_base=8 and unissued_quantity_base=7 from public.inventory_transfer_summary_projection where transfer_line_id='71000000-0000-0000-0000-000000000052'),false),'anti-Cartesian closure accepts exactly the six never-allocated units');
set local role authenticated;
select set_config('request.jwt.claim.role','authenticated',true),set_config('request.jwt.claim.sub','71000000-0000-0000-0000-000000000005',true);
select public.transfer_test_expect_failure($$select public.close_inventory_transfer_remainder('71000000-0000-0000-0000-000000000051','[{"transfer_line_id":"71000000-0000-0000-0000-000000000052","inventory_item_profile_id":"71000000-0000-0000-0000-000000000007","quantity_base":1}]'::jsonb,'anti-cart-close-over','over')$$,'closure exceeds line remaining');
reset role;

-- Isolated closure fixture: its trusted setup creates planned demand only.
-- Stock is supplied exclusively by the public opening workflow above, while
-- reservation and issue below remain authenticated controlled operations.
reset role;
insert into public.inventory_transfers(id,tenant_id,organization_id,facility_id,source_location_id,destination_root_location_id,transit_location_id,created_by,updated_by)
select '71000000-0000-0000-0000-000000000021','71000000-0000-0000-0000-000000000001','71000000-0000-0000-0000-000000000002','71000000-0000-0000-0000-000000000003','71000000-0000-0000-0000-000000000009','71000000-0000-0000-0000-000000000010',transit_location_id,'71000000-0000-0000-0000-000000000005','71000000-0000-0000-0000-000000000005'
from public.inventory_transfers where id=:'transfer_id'::uuid;
insert into public.inventory_transfer_lines(id,transfer_id,inventory_item_profile_id,requested_quantity_base,created_by)
values('71000000-0000-0000-0000-000000000022','71000000-0000-0000-0000-000000000021','71000000-0000-0000-0000-000000000007',10,'71000000-0000-0000-0000-000000000005');
insert into public.inventory_transfer_allocations(id,transfer_line_id,source_location_id,batch_id,recording_channel,planned_quantity_base,created_by)
values('71000000-0000-0000-0000-000000000023','71000000-0000-0000-0000-000000000022','71000000-0000-0000-0000-000000000009','71000000-0000-0000-0000-000000000025','system',6,'71000000-0000-0000-0000-000000000005');

set local role authenticated;
select set_config('request.jwt.claim.role','authenticated',true),set_config('request.jwt.claim.sub','71000000-0000-0000-0000-000000000005',true);
select public.reserve_inventory_transfer('71000000-0000-0000-0000-000000000021',now()+interval '1 hour','closure-fixture-reserve-1','closure-fixture-reserve-hash-0001');
select public.issue_inventory_transfer('71000000-0000-0000-0000-000000000021',jsonb_build_array(jsonb_build_object('transfer_allocation_id','71000000-0000-0000-0000-000000000023','quantity_base',3)),'closure-fixture-issue-1','closure-fixture-issue-hash-0001','issue closure fixture') as closure_fixture_issued \gset

reset role;
select public.transfer_test_assert(coalesce((select requested_quantity_base=10 from public.inventory_transfer_summary_projection where transfer_line_id='71000000-0000-0000-0000-000000000022'),false),'closure fixture requested quantity is 10');
select public.transfer_test_assert(coalesce((select planned_quantity_base=6 from public.inventory_transfer_summary_projection where transfer_line_id='71000000-0000-0000-0000-000000000022'),false),'closure fixture planned quantity is 6');
select public.transfer_test_assert(coalesce((select issued_quantity_base=3 from public.inventory_transfer_summary_projection where transfer_line_id='71000000-0000-0000-0000-000000000022'),false),'closure fixture issued quantity is 3 before closure');
select public.transfer_test_assert(coalesce((select allocation_closed_quantity_base=0 from public.inventory_transfer_summary_projection where transfer_line_id='71000000-0000-0000-0000-000000000022'),false),'closure fixture allocation closure is zero before closure');
select public.transfer_test_assert(coalesce((select line_unallocated_closed_quantity_base=0 from public.inventory_transfer_summary_projection where transfer_line_id='71000000-0000-0000-0000-000000000022'),false),'closure fixture line-unallocated closure is zero before closure');
select public.transfer_test_assert(coalesce((select closed_remainder_quantity_base=0 from public.inventory_transfer_summary_projection where transfer_line_id='71000000-0000-0000-0000-000000000022'),false),'closure fixture total closure is zero before closure');
select public.transfer_test_assert((select a.planned_quantity_base-coalesce((select sum(o.quantity_base) from public.inventory_transfer_operations o where o.transfer_allocation_id=a.id and o.operation_type='issue'),0)-coalesce((select sum(c.quantity_base) from public.inventory_transfer_remainder_closures c where c.transfer_allocation_id=a.id),0)=3 from public.inventory_transfer_allocations a where a.id='71000000-0000-0000-0000-000000000023'),'closure fixture allocation issueable quantity is 3 before closure');
select public.transfer_test_assert(coalesce((select unissued_quantity_base=7 from public.inventory_transfer_summary_projection where transfer_line_id='71000000-0000-0000-0000-000000000022'),false),'closure fixture line unissued quantity is 7 before closure');
select public.transfer_test_assert(coalesce((select transit_quantity_base=3 from public.inventory_transfer_summary_projection where transfer_line_id='71000000-0000-0000-0000-000000000022'),false),'closure fixture ordinary transit is 3 before closure');
select public.transfer_test_assert(coalesce((select returns_hold_quantity_base=0 from public.inventory_transfer_summary_projection where transfer_line_id='71000000-0000-0000-0000-000000000022'),false),'closure fixture returns hold is zero before closure');
select public.transfer_test_assert(coalesce((select status='partially_issued' from public.inventory_transfers where id='71000000-0000-0000-0000-000000000021'),false) and exists(select 1 from public.inventory_transfer_operations where transfer_id='71000000-0000-0000-0000-000000000021' and operation_type='issue'),'closure fixture is explicitly eligible after a real partial issue');
select public.transfer_test_assert(not exists(
  with expected(location_id,disposition) as (
    select '71000000-0000-0000-0000-000000000009'::uuid,'available'::public.inventory_stock_disposition
    union all
    select t.transit_location_id,'transit'::public.inventory_stock_disposition from public.inventory_transfers t where t.id='71000000-0000-0000-0000-000000000021'
  )
  select 1 from expected e
  left join lateral (select coalesce(sum(le.quantity_base),0) as quantity_base from public.inventory_ledger_entries le where le.account_type='physical' and le.location_id=e.location_id and le.inventory_item_profile_id='71000000-0000-0000-0000-000000000007' and le.batch_id='71000000-0000-0000-0000-000000000025' and le.recording_channel='system' and le.disposition=e.disposition) ledger on true
  left join public.inventory_balance_projections bp on bp.location_id=e.location_id and bp.inventory_item_profile_id='71000000-0000-0000-0000-000000000007' and bp.batch_id='71000000-0000-0000-0000-000000000025' and bp.recording_channel='system' and bp.disposition=e.disposition
  where bp.quantity_base is distinct from ledger.quantity_base
),'closure fixture source and transit projections reconcile with ledger quantities before closure');
select count(*) as closure_fixture_ledger_before from public.inventory_ledger_entries where batch_id='71000000-0000-0000-0000-000000000025' \gset
select count(*) as closure_fixture_projection_before from public.inventory_balance_projections where inventory_item_profile_id='71000000-0000-0000-0000-000000000007' and batch_id='71000000-0000-0000-0000-000000000025' \gset
select count(*) as closure_fixture_command_before from public.inventory_commands where requester_id='71000000-0000-0000-0000-000000000005' and idempotency_key='closure-fixture-allocation-1' \gset
select count(*) as closure_fixture_event_before from public.inventory_transfer_events where transfer_id='71000000-0000-0000-0000-000000000021' and action='inventory.transfer_remainder_closed' \gset
select count(*) as closure_fixture_audit_before from public.audit_events where entity_type='inventory_transfer' and entity_id='71000000-0000-0000-0000-000000000021' and action='inventory.transfer_remainder_closed' \gset

set local role authenticated;
select set_config('request.jwt.claim.role','authenticated',true),set_config('request.jwt.claim.sub','71000000-0000-0000-0000-000000000005',true);
select public.close_inventory_transfer_remainder(
  '71000000-0000-0000-0000-000000000021',
  jsonb_build_array(jsonb_build_object('transfer_line_id','71000000-0000-0000-0000-000000000022','transfer_allocation_id','71000000-0000-0000-0000-000000000023','inventory_item_profile_id','71000000-0000-0000-0000-000000000007','quantity_base',2)),
  'closure-fixture-allocation-1',
  'close allocation quantity'
) as closure_fixture_result \gset

reset role;
select public.transfer_test_assert(:'closure_fixture_result'::uuid='71000000-0000-0000-0000-000000000021'::uuid,'allocation closure returns its transfer');
select public.transfer_test_assert(coalesce((select allocation_closed_quantity_base=2 from public.inventory_transfer_summary_projection where transfer_line_id='71000000-0000-0000-0000-000000000022'),false),'allocation closure stores quantity 2');
select public.transfer_test_assert(coalesce((select allocation_closed_quantity_base=2 and line_unallocated_closed_quantity_base=0 and closed_remainder_quantity_base=2 and issued_quantity_base=3 and transit_quantity_base=3 and returns_hold_quantity_base=0 and unissued_quantity_base=5 from public.inventory_transfer_summary_projection where transfer_line_id='71000000-0000-0000-0000-000000000022'),false),'allocation closure summary values are exact');
select public.transfer_test_assert((select a.planned_quantity_base-coalesce((select sum(o.quantity_base) from public.inventory_transfer_operations o where o.transfer_allocation_id=a.id and o.operation_type='issue'),0)-coalesce((select sum(c.quantity_base) from public.inventory_transfer_remainder_closures c where c.transfer_allocation_id=a.id),0)=1 from public.inventory_transfer_allocations a where a.id='71000000-0000-0000-0000-000000000023'),'allocation closure leaves one issueable quantity');
select public.transfer_test_assert(coalesce((select status<>'completed' from public.inventory_transfers where id='71000000-0000-0000-0000-000000000021'),false),'closure fixture is not completed while transit and unissued quantity remain');
select public.transfer_test_assert((select count(*) from public.inventory_commands where requester_id='71000000-0000-0000-0000-000000000005' and idempotency_key='closure-fixture-allocation-1')=:'closure_fixture_command_before'::int+1 and (select count(*) from public.inventory_transfer_events where transfer_id='71000000-0000-0000-0000-000000000021' and action='inventory.transfer_remainder_closed')=:'closure_fixture_event_before'::int+1 and (select count(*) from public.audit_events where entity_type='inventory_transfer' and entity_id='71000000-0000-0000-0000-000000000021' and action='inventory.transfer_remainder_closed')=:'closure_fixture_audit_before'::int+1 and (select count(*) from public.inventory_ledger_entries where batch_id='71000000-0000-0000-0000-000000000025')=:'closure_fixture_ledger_before'::int and (select count(*) from public.inventory_balance_projections where inventory_item_profile_id='71000000-0000-0000-0000-000000000007' and batch_id='71000000-0000-0000-0000-000000000025')=:'closure_fixture_projection_before'::int,'partially-issued closure posts one command, closure event and audit effect without physical movement');
select count(*) as closure_fixture_event_before_replay from public.inventory_transfer_events where transfer_id='71000000-0000-0000-0000-000000000021' and action='inventory.transfer_remainder_closed' \gset
select count(*) as closure_fixture_audit_before_replay from public.audit_events where entity_type='inventory_transfer' and entity_id='71000000-0000-0000-0000-000000000021' and action='inventory.transfer_remainder_closed' \gset
select status as closure_fixture_status_before_replay from public.inventory_transfers where id='71000000-0000-0000-0000-000000000021' \gset

set local role authenticated;
select set_config('request.jwt.claim.role','authenticated',true),set_config('request.jwt.claim.sub','71000000-0000-0000-0000-000000000005',true);
select public.close_inventory_transfer_remainder(
  '71000000-0000-0000-0000-000000000021',
  jsonb_build_array(jsonb_build_object('transfer_line_id','71000000-0000-0000-0000-000000000022','transfer_allocation_id','71000000-0000-0000-0000-000000000023','inventory_item_profile_id','71000000-0000-0000-0000-000000000007','quantity_base',2)),
  'closure-fixture-allocation-1',
  'close allocation quantity'
) as closure_fixture_replay \gset

reset role;
select public.transfer_test_assert(:'closure_fixture_replay'::uuid=:'closure_fixture_result'::uuid,'allocation closure replay returns the original transfer');
select public.transfer_test_assert((select count(*)=1 from public.inventory_commands where requester_id='71000000-0000-0000-0000-000000000005' and idempotency_key='closure-fixture-allocation-1'),'allocation closure replay creates one command');
select public.transfer_test_assert((select count(*)=1 from public.inventory_transfer_remainder_closures where transfer_id='71000000-0000-0000-0000-000000000021'),'allocation closure replay creates one closure row');
select public.transfer_test_assert(:'closure_fixture_event_before_replay'::int=1 and (select count(*) from public.inventory_transfer_events where transfer_id='71000000-0000-0000-0000-000000000021' and action='inventory.transfer_remainder_closed')=:'closure_fixture_event_before_replay'::int,'allocation closure replay creates no duplicate transfer event');
select public.transfer_test_assert(:'closure_fixture_audit_before_replay'::int=1 and (select count(*) from public.audit_events where entity_type='inventory_transfer' and entity_id='71000000-0000-0000-0000-000000000021' and action='inventory.transfer_remainder_closed')=:'closure_fixture_audit_before_replay'::int,'allocation closure replay creates no duplicate audit effect');
select public.transfer_test_assert(coalesce((select allocation_closed_quantity_base=2 and line_unallocated_closed_quantity_base=0 and closed_remainder_quantity_base=2 and unissued_quantity_base=5 from public.inventory_transfer_summary_projection where transfer_line_id='71000000-0000-0000-0000-000000000022'),false),'allocation closure replay leaves summary unchanged');
select public.transfer_test_assert((select count(*) from public.inventory_ledger_entries where batch_id='71000000-0000-0000-0000-000000000025')=:'closure_fixture_ledger_before'::int and (select count(*) from public.inventory_balance_projections where inventory_item_profile_id='71000000-0000-0000-0000-000000000007' and batch_id='71000000-0000-0000-0000-000000000025')=:'closure_fixture_projection_before'::int,'allocation closure and replay create no physical ledger or projection effect');

set local role authenticated;
select set_config('request.jwt.claim.role','authenticated',true),set_config('request.jwt.claim.sub','71000000-0000-0000-0000-000000000005',true);
select public.transfer_test_expect_failure(
  $$select public.close_inventory_transfer_remainder('71000000-0000-0000-0000-000000000021','[{"transfer_line_id":"71000000-0000-0000-0000-000000000022","transfer_allocation_id":"71000000-0000-0000-0000-000000000023","inventory_item_profile_id":"71000000-0000-0000-0000-000000000007","quantity_base":3}]'::jsonb,'closure-fixture-allocation-1','close allocation quantity')$$,
  'Inventory idempotency key was reused with a different request'
);

reset role;
select public.transfer_test_assert((select count(*)=1 from public.inventory_commands where requester_id='71000000-0000-0000-0000-000000000005' and idempotency_key='closure-fixture-allocation-1'),'idempotency conflict creates no additional closure command');
select public.transfer_test_assert((select count(*)=1 from public.inventory_transfer_remainder_closures where transfer_id='71000000-0000-0000-0000-000000000021'),'idempotency conflict creates no additional closure row');
select public.transfer_test_assert((select count(*) from public.inventory_transfer_events where transfer_id='71000000-0000-0000-0000-000000000021' and action='inventory.transfer_remainder_closed')=:'closure_fixture_event_before_replay'::int and (select count(*) from public.audit_events where entity_type='inventory_transfer' and entity_id='71000000-0000-0000-0000-000000000021' and action='inventory.transfer_remainder_closed')=:'closure_fixture_audit_before_replay'::int,'idempotency conflict creates no event or audit effect');
select public.transfer_test_assert(coalesce((select status=:'closure_fixture_status_before_replay' from public.inventory_transfers where id='71000000-0000-0000-0000-000000000021'),false) and coalesce((select allocation_closed_quantity_base=2 and closed_remainder_quantity_base=2 and unissued_quantity_base=5 from public.inventory_transfer_summary_projection where transfer_line_id='71000000-0000-0000-0000-000000000022'),false),'idempotency conflict leaves cached status and summary unchanged');

-- A test-only audit failure must roll back the claimed closure command and all
-- of its dependent effects before the remaining valid allocation closure.
create function public.transfer_test_fail_closure_audit() returns trigger language plpgsql as $$ begin if current_setting('app.test_fail_transfer_audit',true)='on' and new.action='inventory.transfer_remainder_closed' then raise exception 'test closure audit failure'; end if; return new; end $$;
create trigger transfer_test_fail_closure_audit before insert on public.audit_events for each row execute function public.transfer_test_fail_closure_audit();
select count(*) as closure_fixture_commands_before_audit_failure from public.inventory_commands where requester_id='71000000-0000-0000-0000-000000000005' and idempotency_key='closure-fixture-audit-failure' \gset
set local role authenticated;
select set_config('request.jwt.claim.role','authenticated',true),set_config('request.jwt.claim.sub','71000000-0000-0000-0000-000000000005',true),set_config('app.test_fail_transfer_audit','on',true);
select public.transfer_test_expect_failure($$select public.close_inventory_transfer_remainder('71000000-0000-0000-0000-000000000021','[{"transfer_line_id":"71000000-0000-0000-0000-000000000022","transfer_allocation_id":"71000000-0000-0000-0000-000000000023","inventory_item_profile_id":"71000000-0000-0000-0000-000000000007","quantity_base":1}]'::jsonb,'closure-fixture-audit-failure','forced audit failure')$$,'test closure audit failure');
select set_config('app.test_fail_transfer_audit','off',true);
reset role;
select public.transfer_test_assert((select count(*) from public.inventory_commands where requester_id='71000000-0000-0000-0000-000000000005' and idempotency_key='closure-fixture-audit-failure')=:'closure_fixture_commands_before_audit_failure'::int and (select count(*) from public.inventory_transfer_remainder_closures where transfer_id='71000000-0000-0000-0000-000000000021')=1 and (select count(*) from public.inventory_transfer_events where transfer_id='71000000-0000-0000-0000-000000000021' and action='inventory.transfer_remainder_closed')=1 and (select count(*) from public.audit_events where entity_type='inventory_transfer' and entity_id='71000000-0000-0000-0000-000000000021' and action='inventory.transfer_remainder_closed')=1,'forced audit failure rolls back closure command and effects');
drop trigger transfer_test_fail_closure_audit on public.audit_events;
drop function public.transfer_test_fail_closure_audit();

set local role authenticated;
select set_config('request.jwt.claim.role','authenticated',true),set_config('request.jwt.claim.sub','71000000-0000-0000-0000-000000000005',true);
select public.close_inventory_transfer_remainder('71000000-0000-0000-0000-000000000021',jsonb_build_array(jsonb_build_object('transfer_line_id','71000000-0000-0000-0000-000000000022','transfer_allocation_id','71000000-0000-0000-0000-000000000023','inventory_item_profile_id','71000000-0000-0000-0000-000000000007','quantity_base',1)),'closure-fixture-allocation-2','close final allocation quantity');
reset role;
select public.transfer_test_assert(coalesce((select allocation_closed_quantity_base=3 and line_unallocated_closed_quantity_base=0 and closed_remainder_quantity_base=3 and issued_quantity_base=3 and unissued_quantity_base=4 and transit_quantity_base=3 and returns_hold_quantity_base=0 from public.inventory_transfer_summary_projection where transfer_line_id='71000000-0000-0000-0000-000000000022'),false),'final valid allocation closure has exact summary values');
select public.transfer_test_assert((select a.planned_quantity_base-coalesce((select sum(o.quantity_base) from public.inventory_transfer_operations o where o.transfer_allocation_id=a.id and o.operation_type='issue'),0)-coalesce((select sum(c.quantity_base) from public.inventory_transfer_remainder_closures c where c.transfer_allocation_id=a.id),0)=0 from public.inventory_transfer_allocations a where a.id='71000000-0000-0000-0000-000000000023'),'allocation is fully closed after its final closure');
select count(*) as closure_fixture_issue_commands_before_failure from public.inventory_commands where requester_id='71000000-0000-0000-0000-000000000005' and idempotency_key='closure-fixture-issue-after-close' \gset
select count(*) as closure_fixture_issue_operations_before_failure from public.inventory_transfer_operations where transfer_id='71000000-0000-0000-0000-000000000021' and operation_type='issue' \gset
select count(*) as closure_fixture_transactions_before_failure from public.inventory_transactions \gset
select count(*) as closure_fixture_ledger_before_issue_failure from public.inventory_ledger_entries \gset
select count(*) as closure_fixture_events_before_issue_failure from public.inventory_transfer_events where transfer_id='71000000-0000-0000-0000-000000000021' \gset
select count(*) as closure_fixture_audit_before_issue_failure from public.audit_events where entity_type='inventory_transfer' and entity_id='71000000-0000-0000-0000-000000000021' \gset
select count(*) as closure_fixture_source_projection_rows_before_issue_failure from public.inventory_balance_projections where location_id='71000000-0000-0000-0000-000000000009' and batch_id='71000000-0000-0000-0000-000000000025' and disposition='available' \gset
select quantity_base as fixture_source_projection_before from public.inventory_balance_projections where location_id='71000000-0000-0000-0000-000000000009' and batch_id='71000000-0000-0000-0000-000000000025' and recording_channel='system' and disposition='available' \gset
select count(*) as closure_fixture_transit_projection_rows_before_issue_failure from public.inventory_balance_projections where location_id=(select transit_location_id from public.inventory_transfers where id='71000000-0000-0000-0000-000000000021') and batch_id='71000000-0000-0000-0000-000000000025' and disposition='transit' \gset
select quantity_base as fixture_transit_projection_before from public.inventory_balance_projections where location_id=(select transit_location_id from public.inventory_transfers where id='71000000-0000-0000-0000-000000000021') and batch_id='71000000-0000-0000-0000-000000000025' and recording_channel='system' and disposition='transit' \gset
set local role authenticated;
select set_config('request.jwt.claim.role','authenticated',true),set_config('request.jwt.claim.sub','71000000-0000-0000-0000-000000000005',true);
select public.transfer_test_expect_failure($$select public.issue_inventory_transfer('71000000-0000-0000-0000-000000000021','[{"transfer_allocation_id":"71000000-0000-0000-0000-000000000023","quantity_base":1}]'::jsonb,'closure-fixture-issue-after-close','closure-fixture-issue-after-close-hash','must fail')$$,'Inventory transfer issue exceeds reservation remaining quantity');
reset role;
select public.transfer_test_assert((select count(*) from public.inventory_commands where requester_id='71000000-0000-0000-0000-000000000005' and idempotency_key='closure-fixture-issue-after-close')=:'closure_fixture_issue_commands_before_failure'::int and (select count(*) from public.inventory_transfer_operations where transfer_id='71000000-0000-0000-0000-000000000021' and operation_type='issue')=:'closure_fixture_issue_operations_before_failure'::int and (select count(*) from public.inventory_transactions)=:'closure_fixture_transactions_before_failure'::int and (select count(*) from public.inventory_ledger_entries)=:'closure_fixture_ledger_before_issue_failure'::int and (select count(*) from public.inventory_transfer_events where transfer_id='71000000-0000-0000-0000-000000000021')=:'closure_fixture_events_before_issue_failure'::int and (select count(*) from public.audit_events where entity_type='inventory_transfer' and entity_id='71000000-0000-0000-0000-000000000021')=:'closure_fixture_audit_before_issue_failure'::int,'issue after full allocation closure has no command, operation, transaction, ledger, event, or audit effect');
select public.transfer_test_assert(coalesce((select quantity_base from public.inventory_balance_projections where location_id='71000000-0000-0000-0000-000000000009' and batch_id='71000000-0000-0000-0000-000000000025' and recording_channel='system' and disposition='available'),-1)=:'fixture_source_projection_before' and coalesce((select quantity_base from public.inventory_balance_projections where location_id=(select transit_location_id from public.inventory_transfers where id='71000000-0000-0000-0000-000000000021') and batch_id='71000000-0000-0000-0000-000000000025' and recording_channel='system' and disposition='transit'),-1)=:'fixture_transit_projection_before','failed issue leaves source and transit projections unchanged');

set local role authenticated;
select set_config('request.jwt.claim.role','authenticated',true),set_config('request.jwt.claim.sub','71000000-0000-0000-0000-000000000005',true);
select public.close_inventory_transfer_remainder('71000000-0000-0000-0000-000000000021',jsonb_build_array(jsonb_build_object('transfer_line_id','71000000-0000-0000-0000-000000000022','inventory_item_profile_id','71000000-0000-0000-0000-000000000007','quantity_base',4)),'closure-fixture-line-1','close never allocated quantity');
reset role;
select public.transfer_test_assert(coalesce((select allocation_closed_quantity_base=3 and line_unallocated_closed_quantity_base=4 and closed_remainder_quantity_base=7 and unissued_quantity_base=0 and issued_quantity_base=3 and transit_quantity_base=3 and returns_hold_quantity_base=0 from public.inventory_transfer_summary_projection where transfer_line_id='71000000-0000-0000-0000-000000000022'),false),'line-unallocated closure has exact summary values');
select public.transfer_test_assert(coalesce((select status<>'completed' from public.inventory_transfers where id='71000000-0000-0000-0000-000000000021'),false),'fully closed demand is not completed while transit remains');
select count(*) as closure_fixture_rows_before_line_overlap from public.inventory_transfer_remainder_closures where transfer_id='71000000-0000-0000-0000-000000000021' \gset
select status as closure_fixture_status_before_line_overlap from public.inventory_transfers where id='71000000-0000-0000-0000-000000000021' \gset
set local role authenticated;
select set_config('request.jwt.claim.role','authenticated',true),set_config('request.jwt.claim.sub','71000000-0000-0000-0000-000000000005',true);
select public.transfer_test_expect_failure($$select public.close_inventory_transfer_remainder('71000000-0000-0000-0000-000000000021','[{"transfer_line_id":"71000000-0000-0000-0000-000000000022","inventory_item_profile_id":"71000000-0000-0000-0000-000000000007","quantity_base":1}]'::jsonb,'closure-fixture-line-overlap','must fail')$$,'closure exceeds line requested quantity');
reset role;
select public.transfer_test_assert((select count(*) from public.inventory_transfer_remainder_closures where transfer_id='71000000-0000-0000-0000-000000000021')=:'closure_fixture_rows_before_line_overlap'::int and coalesce((select status=:'closure_fixture_status_before_line_overlap' from public.inventory_transfers where id='71000000-0000-0000-0000-000000000021'),false),'line-unallocated overlap failure has no closure or status effect');

-- Public input failures are contained by the function transaction: no command
-- or append-only closure effect survives an invalid request.
set local role authenticated;
select set_config('request.jwt.claim.role','authenticated',true),set_config('request.jwt.claim.sub','71000000-0000-0000-0000-000000000005',true);
select public.transfer_test_expect_failure($$select public.close_inventory_transfer_remainder('71000000-0000-0000-0000-000000000021','[{"transfer_line_id":"71000000-0000-0000-0000-000000000022","inventory_item_profile_id":"71000000-0000-0000-0000-000000000007","quantity_base":0}]'::jsonb,'closure-invalid-zero','valid reason')$$,'remainder closure denied');
select public.transfer_test_expect_failure($$select public.close_inventory_transfer_remainder('71000000-0000-0000-0000-000000000021','[{"transfer_line_id":"71000000-0000-0000-0000-000000000022","inventory_item_profile_id":"71000000-0000-0000-0000-000000000007","quantity_base":-1}]'::jsonb,'closure-invalid-negative','valid reason')$$,'remainder closure denied');
select public.transfer_test_expect_failure($$select public.close_inventory_transfer_remainder('71000000-0000-0000-0000-000000000021','[]'::jsonb,'closure-invalid-empty-array','valid reason')$$,'remainder closure denied');
select public.transfer_test_expect_failure($$select public.close_inventory_transfer_remainder('71000000-0000-0000-0000-000000000021','{}'::jsonb,'closure-invalid-malformed','valid reason')$$,'remainder closure denied');
select public.transfer_test_expect_failure($$select public.close_inventory_transfer_remainder('71000000-0000-0000-0000-000000000021','[{"transfer_line_id":"71000000-0000-0000-0000-000000000022","inventory_item_profile_id":"71000000-0000-0000-0000-000000000007","quantity_base":1}]'::jsonb,'closure-invalid-reason','   ')$$,'remainder closure denied');
select public.transfer_test_expect_failure($$select public.close_inventory_transfer_remainder('71000000-0000-0000-0000-000000000021','[{"transfer_line_id":"71000000-0000-0000-0000-000000000022","inventory_item_profile_id":"71000000-0000-0000-0000-000000000007","quantity_base":1}]'::jsonb,'closure-invalid-empty-reason','')$$,'remainder closure denied');
select public.transfer_test_expect_failure($$select public.close_inventory_transfer_remainder('71000000-0000-0000-0000-000000000021','[{"inventory_item_profile_id":"71000000-0000-0000-0000-000000000007","quantity_base":1}]'::jsonb,'closure-invalid-line','valid reason')$$,'remainder closure denied');
select public.transfer_test_expect_failure($$select public.close_inventory_transfer_remainder('71000000-0000-0000-0000-000000000021','[{"transfer_line_id":"71000000-0000-0000-0000-000000000022","quantity_base":1}]'::jsonb,'closure-invalid-profile','valid reason')$$,'remainder closure denied');
select public.transfer_test_expect_failure($$select public.close_inventory_transfer_remainder('71000000-0000-0000-0000-000000000021','[{"transfer_line_id":"not-a-uuid","inventory_item_profile_id":"71000000-0000-0000-0000-000000000007","quantity_base":1}]'::jsonb,'closure-invalid-uuid','valid reason')$$,'invalid input syntax');
select public.transfer_test_expect_failure($$select public.close_inventory_transfer_remainder('71000000-0000-0000-0000-000000000021','[{"transfer_line_id":"71000000-0000-0000-0000-000000000022","transfer_allocation_id":"71000000-0000-0000-0000-000000000023","inventory_item_profile_id":"71000000-0000-0000-0000-000000000007","quantity_base":1},{"transfer_line_id":"71000000-0000-0000-0000-000000000022","transfer_allocation_id":"71000000-0000-0000-0000-000000000023","inventory_item_profile_id":"71000000-0000-0000-0000-000000000007","quantity_base":1}]'::jsonb,'closure-invalid-duplicate-array','valid reason')$$,'Inventory transfer remainder closure exceeds line requested quantity');
reset role;
select public.transfer_test_assert((select count(*) from public.inventory_transfer_remainder_closures where transfer_id='71000000-0000-0000-0000-000000000021')=:'closure_fixture_rows_before_line_overlap'::int,'invalid closure inputs leave no closure rows');
select public.transfer_test_assert(has_function_privilege('authenticated','public.close_inventory_transfer_remainder(uuid,jsonb,text,text)'::regprocedure,'EXECUTE') and (select count(*)=1 from pg_proc where oid='public.close_inventory_transfer_remainder(uuid,jsonb,text,text)'::regprocedure) and not has_table_privilege('authenticated','public.inventory_transfer_remainder_closures','INSERT, UPDATE, DELETE'),'authenticated has only the single closure API and no direct closure writes');
select public.transfer_test_assert(exists(select 1 from pg_trigger t join pg_proc p on p.oid=t.tgfoid where t.tgrelid='public.inventory_transfer_remainder_closures'::regclass and t.tgenabled<>'D' and t.tgname='inventory_transfer_remainder_closure_immutable' and p.proname='prevent_inventory_transfer_remainder_closure_mutation'),'closure table has an enabled append-only update/delete trigger');

set local role authenticated;
select set_config('request.jwt.claim.role','authenticated',true),set_config('request.jwt.claim.sub','71000000-0000-0000-0000-000000000005',true);
select public.transfer_test_expect_failure($$insert into public.inventory_transfer_remainder_closures(transfer_id,transfer_line_id,inventory_item_profile_id,quantity_base,command_id,reason,created_by) values('71000000-0000-0000-0000-000000000021','71000000-0000-0000-0000-000000000022','71000000-0000-0000-0000-000000000007',1,(select id from public.inventory_commands where idempotency_key='closure-fixture-allocation-1'),'x','71000000-0000-0000-0000-000000000005')$$,'permission denied');
select public.transfer_test_expect_failure($$update public.inventory_transfer_remainder_closures set reason='x' where transfer_id='71000000-0000-0000-0000-000000000021'$$,'permission denied');
select public.transfer_test_expect_failure($$delete from public.inventory_transfer_remainder_closures where transfer_id='71000000-0000-0000-0000-000000000021'$$,'permission denied');

-- Database-only uniqueness and relational probes.  The savepoint makes the
-- valid first inserts disposable and proves constraints independently of RPC.
reset role;
savepoint closure_direct_database_probes;
do $$
declare cmd_line uuid:='71000000-0000-0000-0000-000000000041'; cmd_alloc uuid:='71000000-0000-0000-0000-000000000042'; cmd_bad uuid:='71000000-0000-0000-0000-000000000043'; other_profile uuid:='71000000-0000-0000-0000-000000000044'; other_line uuid:='71000000-0000-0000-0000-000000000045'; other_alloc uuid:='71000000-0000-0000-0000-000000000046'; other_reservation uuid:='71000000-0000-0000-0000-000000000047'; other_transfer uuid:='71000000-0000-0000-0000-000000000048'; other_transfer_line uuid:='71000000-0000-0000-0000-000000000049'; other_transfer_alloc uuid:='71000000-0000-0000-0000-000000000050'; begin
 insert into public.catalog_items(id,item_name_en,created_by,updated_by) values('71000000-0000-0000-0000-000000000040','Probe item','71000000-0000-0000-0000-000000000005','71000000-0000-0000-0000-000000000005');
 insert into public.inventory_item_profiles(id,tenant_id,organization_id,facility_id,catalog_item_id,active,created_by,updated_by) values(other_profile,'71000000-0000-0000-0000-000000000001','71000000-0000-0000-0000-000000000002','71000000-0000-0000-0000-000000000003','71000000-0000-0000-0000-000000000040',false,'71000000-0000-0000-0000-000000000005','71000000-0000-0000-0000-000000000005');
 insert into public.inventory_commands(id,tenant_id,organization_id,facility_id,command_type,requester_id,approver_id,idempotency_key,request_hash,payload) values(cmd_line,'71000000-0000-0000-0000-000000000001','71000000-0000-0000-0000-000000000002','71000000-0000-0000-0000-000000000003','transfer_close_remainder','71000000-0000-0000-0000-000000000005','71000000-0000-0000-0000-000000000005','probe-line','probe-line-hash-0001','{}'),(cmd_alloc,'71000000-0000-0000-0000-000000000001','71000000-0000-0000-0000-000000000002','71000000-0000-0000-0000-000000000003','transfer_close_remainder','71000000-0000-0000-0000-000000000005','71000000-0000-0000-0000-000000000005','probe-alloc','probe-alloc-hash-0001','{}'),(cmd_bad,'71000000-0000-0000-0000-000000000001','71000000-0000-0000-0000-000000000002','71000000-0000-0000-0000-000000000003','transfer_close_remainder','71000000-0000-0000-0000-000000000005','71000000-0000-0000-0000-000000000005','probe-bad','probe-bad-hash-0001','{}');
 insert into public.inventory_transfer_remainder_closures(transfer_id,transfer_line_id,inventory_item_profile_id,quantity_base,command_id,reason,created_by) values('71000000-0000-0000-0000-000000000021','71000000-0000-0000-0000-000000000022','71000000-0000-0000-0000-000000000007',1,cmd_line,'probe','71000000-0000-0000-0000-000000000005');
 begin insert into public.inventory_transfer_remainder_closures(transfer_id,transfer_line_id,inventory_item_profile_id,quantity_base,command_id,reason,created_by) values('71000000-0000-0000-0000-000000000021','71000000-0000-0000-0000-000000000022','71000000-0000-0000-0000-000000000007',1,cmd_line,'probe','71000000-0000-0000-0000-000000000005'); raise exception 'line uniqueness probe did not fail'; exception when unique_violation then null; end;
 insert into public.inventory_transfer_remainder_closures(transfer_id,transfer_line_id,transfer_allocation_id,inventory_item_profile_id,reservation_id,quantity_base,command_id,reason,created_by) select '71000000-0000-0000-0000-000000000021','71000000-0000-0000-0000-000000000022','71000000-0000-0000-0000-000000000023','71000000-0000-0000-0000-000000000007',id,1,cmd_alloc,'probe','71000000-0000-0000-0000-000000000005' from public.inventory_reservations where transfer_allocation_id='71000000-0000-0000-0000-000000000023';
 begin insert into public.inventory_transfer_remainder_closures(transfer_id,transfer_line_id,transfer_allocation_id,inventory_item_profile_id,quantity_base,command_id,reason,created_by) values('71000000-0000-0000-0000-000000000021','71000000-0000-0000-0000-000000000022','71000000-0000-0000-0000-000000000023','71000000-0000-0000-0000-000000000007',1,cmd_alloc,'probe','71000000-0000-0000-0000-000000000005'); raise exception 'allocation uniqueness probe did not fail'; exception when unique_violation then null; end;
 insert into public.inventory_transfer_lines(id,transfer_id,inventory_item_profile_id,requested_quantity_base,created_by) values(other_line,'71000000-0000-0000-0000-000000000021',other_profile,1,'71000000-0000-0000-0000-000000000005');
 insert into public.inventory_transfer_allocations(id,transfer_line_id,source_location_id,batch_id,recording_channel,planned_quantity_base,created_by) values(other_alloc,other_line,'71000000-0000-0000-0000-000000000009','71000000-0000-0000-0000-000000000025','system',1,'71000000-0000-0000-0000-000000000005');
 insert into public.inventory_reservations(id,transfer_allocation_id,quantity_base,expires_at,created_by) values(other_reservation,other_alloc,1,now()+interval '1 hour','71000000-0000-0000-0000-000000000005');
 insert into public.inventory_transfers(id,tenant_id,organization_id,facility_id,source_location_id,destination_root_location_id,transit_location_id,created_by,updated_by) select other_transfer,tenant_id,organization_id,facility_id,source_location_id,destination_root_location_id,transit_location_id,'71000000-0000-0000-0000-000000000005','71000000-0000-0000-0000-000000000005' from public.inventory_transfers where id='71000000-0000-0000-0000-000000000021';
 insert into public.inventory_transfer_lines(id,transfer_id,inventory_item_profile_id,requested_quantity_base,created_by) values(other_transfer_line,other_transfer,'71000000-0000-0000-0000-000000000007',1,'71000000-0000-0000-0000-000000000005');
 insert into public.inventory_transfer_allocations(id,transfer_line_id,source_location_id,batch_id,recording_channel,planned_quantity_base,created_by) values(other_transfer_alloc,other_transfer_line,'71000000-0000-0000-0000-000000000009','71000000-0000-0000-0000-000000000025','system',1,'71000000-0000-0000-0000-000000000005');
 begin insert into public.inventory_transfer_remainder_closures(transfer_id,transfer_line_id,inventory_item_profile_id,quantity_base,command_id,reason,created_by) values(other_transfer,'71000000-0000-0000-0000-000000000022','71000000-0000-0000-0000-000000000007',1,cmd_bad,'probe','71000000-0000-0000-0000-000000000005'); raise exception 'transfer mismatch did not fail'; exception when others then if position('line integrity denied' in sqlerrm)=0 then raise; end if; end;
 begin insert into public.inventory_transfer_remainder_closures(transfer_id,transfer_line_id,inventory_item_profile_id,quantity_base,command_id,reason,created_by) values('71000000-0000-0000-0000-000000000021','71000000-0000-0000-0000-000000000022',other_profile,1,cmd_bad,'probe','71000000-0000-0000-0000-000000000005'); raise exception 'profile mismatch did not fail'; exception when others then if position('line integrity denied' in sqlerrm)=0 then raise; end if; end;
 begin insert into public.inventory_transfer_remainder_closures(transfer_id,transfer_line_id,transfer_allocation_id,inventory_item_profile_id,quantity_base,command_id,reason,created_by) values('71000000-0000-0000-0000-000000000021','71000000-0000-0000-0000-000000000022',other_alloc,'71000000-0000-0000-0000-000000000007',1,cmd_bad,'probe','71000000-0000-0000-0000-000000000005'); raise exception 'other line allocation did not fail'; exception when others then if position('allocation integrity denied' in sqlerrm)=0 then raise; end if; end;
 begin insert into public.inventory_transfer_remainder_closures(transfer_id,transfer_line_id,transfer_allocation_id,inventory_item_profile_id,quantity_base,command_id,reason,created_by) values('71000000-0000-0000-0000-000000000021','71000000-0000-0000-0000-000000000022',other_transfer_alloc,'71000000-0000-0000-0000-000000000007',1,cmd_bad,'probe','71000000-0000-0000-0000-000000000005'); raise exception 'other transfer allocation did not fail'; exception when others then if position('allocation integrity denied' in sqlerrm)=0 then raise; end if; end;
 begin insert into public.inventory_transfer_remainder_closures(transfer_id,transfer_line_id,transfer_allocation_id,inventory_item_profile_id,reservation_id,quantity_base,command_id,reason,created_by) values('71000000-0000-0000-0000-000000000021','71000000-0000-0000-0000-000000000022','71000000-0000-0000-0000-000000000023','71000000-0000-0000-0000-000000000007',other_reservation,1,cmd_bad,'probe','71000000-0000-0000-0000-000000000005'); raise exception 'reservation mismatch did not fail'; exception when others then if position('reservation integrity denied' in sqlerrm)=0 then raise; end if; end;
 begin insert into public.inventory_transfer_remainder_closures(transfer_id,transfer_line_id,inventory_item_profile_id,reservation_id,quantity_base,command_id,reason,created_by) values('71000000-0000-0000-0000-000000000021','71000000-0000-0000-0000-000000000022','71000000-0000-0000-0000-000000000007',other_reservation,1,cmd_bad,'probe','71000000-0000-0000-0000-000000000005'); raise exception 'unallocated reservation did not fail'; exception when check_violation then null; end;
 begin insert into public.inventory_transfer_remainder_closures(transfer_id,transfer_line_id,inventory_item_profile_id,quantity_base,command_id,reason,created_by) values('71000000-0000-0000-0000-000000000021','71000000-0000-0000-0000-000000000022','71000000-0000-0000-0000-000000000007',0,cmd_bad,'probe','71000000-0000-0000-0000-000000000005'); raise exception 'zero did not fail'; exception when check_violation then null; end;
 begin insert into public.inventory_transfer_remainder_closures(transfer_id,transfer_line_id,inventory_item_profile_id,quantity_base,command_id,reason,created_by) values('71000000-0000-0000-0000-000000000021','71000000-0000-0000-0000-000000000022','71000000-0000-0000-0000-000000000007',-1,cmd_bad,'probe','71000000-0000-0000-0000-000000000005'); raise exception 'negative did not fail'; exception when check_violation then null; end;
 begin insert into public.inventory_transfer_remainder_closures(transfer_id,transfer_line_id,inventory_item_profile_id,quantity_base,command_id,reason,created_by) values('71000000-0000-0000-0000-000000000021','71000000-0000-0000-0000-000000000022','71000000-0000-0000-0000-000000000007',1,cmd_bad,'','71000000-0000-0000-0000-000000000005'); raise exception 'empty reason did not fail'; exception when check_violation then null; end;
 begin insert into public.inventory_transfer_remainder_closures(transfer_id,transfer_line_id,inventory_item_profile_id,quantity_base,command_id,reason,created_by) values('71000000-0000-0000-0000-000000000021','71000000-0000-0000-0000-000000000022','71000000-0000-0000-0000-000000000007',1,cmd_bad,'   ','71000000-0000-0000-0000-000000000005'); raise exception 'whitespace reason did not fail'; exception when check_violation then null; end;
 perform set_config('app.inventory_transfer_controlled','off',true); set constraints all immediate;
end $$;
rollback to savepoint closure_direct_database_probes;

-- The final receipt resolves the only remaining physical transit quantity;
-- demand was already closed, so the existing cached-state model completes.
select public.receive_inventory_transfer('71000000-0000-0000-0000-000000000021',jsonb_build_array(jsonb_build_object('transfer_allocation_id','71000000-0000-0000-0000-000000000023','quantity_base',3,'destination_location_id','71000000-0000-0000-0000-000000000011','destination_disposition','available')),'closure-fixture-receive-1','closure-fixture-receive-hash-0001','resolve closure fixture transit');
reset role;
select public.transfer_test_assert(coalesce((select transit_quantity_base=0 and returns_hold_quantity_base=0 and issued_quantity_base+closed_remainder_quantity_base=requested_quantity_base from public.inventory_transfer_summary_projection where transfer_line_id='71000000-0000-0000-0000-000000000022'),false) and coalesce((select status='completed' from public.inventory_transfers where id='71000000-0000-0000-0000-000000000021'),false),'resolved closure fixture reaches completed state');

set local role authenticated;
select set_config('request.jwt.claim.role','authenticated',true),set_config('request.jwt.claim.sub','71000000-0000-0000-0000-000000000005',true);
select public.reserve_inventory_transfer(:'transfer_id',now()+interval '1 hour','transfer-reserve-1','transfer-reserve-hash-0001');
select public.transfer_test_assert((select status='reserved' from public.inventory_transfers where id=:'transfer_id'),'reservation derives reserved status');
select public.issue_inventory_transfer(:'transfer_id',jsonb_build_array(jsonb_build_object('transfer_allocation_id',:'allocation_id','quantity_base',6)),'transfer-issue-1','transfer-issue-hash-0001','partial issue') as issued_transfer \gset
select public.issue_inventory_transfer(:'transfer_id',jsonb_build_array(jsonb_build_object('transfer_allocation_id',:'allocation_id','quantity_base',6)),'transfer-issue-1','transfer-issue-hash-0001','partial issue') as issue_replay \gset
select public.transfer_test_assert(:'issued_transfer'::uuid=:'issue_replay'::uuid,'issue replay returns same transfer');
select public.transfer_test_assert((select quantity_base=14 from public.inventory_balance_projections where location_id='71000000-0000-0000-0000-000000000009' and batch_id='71000000-0000-0000-0000-000000000012' and disposition='available'),'issue decreases source');
select public.transfer_test_expect_failure(format('select public.issue_inventory_transfer(%L::uuid,jsonb_build_array(jsonb_build_object(''transfer_allocation_id'',%L,''quantity_base'',5)),''transfer-issue-over'',''transfer-issue-over-hash'',''over'')',:'transfer_id',:'allocation_id'),'Inventory transfer issue exceeds reservation remaining quantity');

-- Reject is a ledger reclassification, then return consumes only returns_hold.
select public.reject_inventory_transfer(:'transfer_id',jsonb_build_array(jsonb_build_object('transfer_allocation_id',:'allocation_id','quantity_base',2)),'transfer-reject-1','transfer-reject-hash-0001','damaged on arrival');
select public.transfer_test_assert((select quantity_base=4 from public.inventory_balance_projections where location_id=(select transit_location_id from public.inventory_transfers where id=:'transfer_id') and batch_id='71000000-0000-0000-0000-000000000012' and disposition='transit') and (select quantity_base=2 from public.inventory_balance_projections where location_id=(select transit_location_id from public.inventory_transfers where id=:'transfer_id') and batch_id='71000000-0000-0000-0000-000000000012' and disposition='returns_hold'),'reject reclassifies transit to returns hold');
select public.return_rejected_inventory_transfer(:'transfer_id',jsonb_build_array(jsonb_build_object('transfer_allocation_id',:'allocation_id','quantity_base',1)),'transfer-return-1','transfer-return-hash-0001','return one');
select public.receive_inventory_transfer(:'transfer_id',jsonb_build_array(jsonb_build_object('transfer_allocation_id',:'allocation_id','quantity_base',4,'destination_location_id','71000000-0000-0000-0000-000000000011','destination_disposition','available')),'transfer-receive-1','transfer-receive-hash-0001','receive into child');
select public.transfer_test_assert((select count(*)=1 from public.inventory_transfer_receipt_destinations rd join public.inventory_transfer_operations op on op.id=rd.operation_id where op.transfer_id=:'transfer_id' and rd.quantity_base=op.quantity_base),'receipt child preserves operation grain and quantity');
select public.return_rejected_inventory_transfer(:'transfer_id',jsonb_build_array(jsonb_build_object('transfer_allocation_id',:'allocation_id','quantity_base',1)),'transfer-return-2','transfer-return-hash-0001','return remaining');
select public.close_inventory_transfer_remainder(:'transfer_id',jsonb_build_array(jsonb_build_object('transfer_line_id',(select id from public.inventory_transfer_lines where transfer_id=:'transfer_id'),'transfer_allocation_id',:'allocation_id','inventory_item_profile_id','71000000-0000-0000-0000-000000000007','quantity_base',4)),'transfer-close-1','close unissued remainder');
reset role;
select public.transfer_test_assert((select status='completed' from public.inventory_transfers where id=:'transfer_id'),'controlled status matches derived completion');
select public.transfer_test_assert((select count(*)=0 from public.inventory_transfer_operations where transfer_id=:'transfer_id' and transfer_allocation_id is null and operation_type not in ('close_remainder','cancel')),'physical operations require allocation linkage');
select public.transfer_test_assert((select count(*)>0 from public.audit_events where entity_type='inventory_transfer' and entity_id=:'transfer_id'),'transfer events write shared audit');

-- Reservation adjustments are the only accounting source.  The main issue is
-- partial, its replay is already exercised above, and the cross-allocation
-- fixture provides a second independently posted issue adjustment.
select public.transfer_test_assert(
  (select count(*)=1 from public.inventory_reservation_adjustments ra join public.inventory_transfer_operations o on o.id=ra.related_operation_id where o.transfer_id=:'transfer_id' and o.command_id=(select id from public.inventory_commands where idempotency_key='transfer-issue-1') and ra.adjustment_type='issue_consumed' and ra.quantity_base=6)
  and (select count(*)=2 from public.inventory_reservation_adjustments ra join public.inventory_transfer_operations o on o.id=ra.related_operation_id where o.transfer_id='71000000-0000-0000-0000-000000000061' and ra.adjustment_type='issue_consumed')
  and not exists(select 1 from public.inventory_reservations r where public.inventory_transfer_reservation_remaining(r.id) is distinct from r.quantity_base-coalesce((select sum(ra.quantity_base) from public.inventory_reservation_adjustments ra where ra.reservation_id=r.id),0)),
  'partial and multiple issues create one issue adjustment per operation and remaining equals reservation minus adjustments'
);
set local role authenticated;
select set_config('request.jwt.claim.role','authenticated',true),set_config('request.jwt.claim.sub','71000000-0000-0000-0000-000000000005',true);
select public.transfer_test_expect_failure($$select public.issue_inventory_transfer('71000000-0000-0000-0000-000000000061','[{"transfer_allocation_id":"71000000-0000-0000-0000-000000000064","quantity_base":2}]'::jsonb,'line-bound-issue-b-3-1','different-line-bound-issue-hash','different replay request')$$,'Inventory idempotency key was reused with a different request');
reset role;
select public.transfer_test_assert((select count(*)=1 from public.inventory_reservation_adjustments ra join public.inventory_transfer_operations o on o.id=ra.related_operation_id join public.inventory_commands c on c.id=o.command_id where c.idempotency_key='line-bound-issue-b-3-1' and ra.adjustment_type='issue_consumed'),'issue replay and changed-key rejection do not duplicate adjustments');

-- A controlled audit failure after the ledger and operation inserts rolls back
-- the command, physical posting, operation and its issue_consumed adjustment.
create function public.transfer_test_fail_adjustment_issue_event() returns trigger language plpgsql as $$ begin if current_setting('app.transfer_adjustment_test_fail',true)='on' and new.transfer_id='71000000-0000-0000-0000-000000000074' and new.action='inventory.transfer_issued' then raise exception 'forced reservation adjustment audit failure'; end if; return new; end $$;
create trigger transfer_test_adjustment_issue_audit_failure before insert on public.inventory_transfer_events for each row execute function public.transfer_test_fail_adjustment_issue_event();
select (select count(*) from public.inventory_commands where requester_id='71000000-0000-0000-0000-000000000005' and idempotency_key='adjustment-forced-issue-1') as commands,(select count(*) from public.inventory_transfer_operations where transfer_id='71000000-0000-0000-0000-000000000074' and operation_type='issue') as operations,(select count(*) from public.inventory_reservation_adjustments ra join public.inventory_reservations r on r.id=ra.reservation_id where r.transfer_allocation_id='71000000-0000-0000-0000-000000000076') as adjustments,(select count(*) from public.inventory_ledger_entries where batch_id='71000000-0000-0000-0000-000000000077') as ledger,(select coalesce(sum(quantity_base),0) from public.inventory_balance_projections where location_id='71000000-0000-0000-0000-000000000009' and batch_id='71000000-0000-0000-0000-000000000077' and recording_channel='system' and disposition='available') as source_qty,(select coalesce(sum(quantity_base),0) from public.inventory_balance_projections where location_id=(select transit_location_id from public.inventory_transfers where id='71000000-0000-0000-0000-000000000074') and batch_id='71000000-0000-0000-0000-000000000077' and recording_channel='system' and disposition='transit') as transit_qty \gset adjustment_forced_before_
set local role authenticated;
select set_config('request.jwt.claim.role','authenticated',true),set_config('request.jwt.claim.sub','71000000-0000-0000-0000-000000000005',true),set_config('app.transfer_adjustment_test_fail','on',true);
select public.transfer_test_expect_failure($$select public.issue_inventory_transfer('71000000-0000-0000-0000-000000000074','[{"transfer_allocation_id":"71000000-0000-0000-0000-000000000076","quantity_base":1}]'::jsonb,'adjustment-forced-issue-1','adjustment-forced-issue-hash-0001','force audit rollback')$$,'forced reservation adjustment audit failure');
select set_config('app.transfer_adjustment_test_fail','off',true);
reset role;
select public.transfer_test_assert((select count(*) from public.inventory_commands where requester_id='71000000-0000-0000-0000-000000000005' and idempotency_key='adjustment-forced-issue-1')=:'adjustment_forced_before_commands'::int and (select count(*) from public.inventory_transfer_operations where transfer_id='71000000-0000-0000-0000-000000000074' and operation_type='issue')=:'adjustment_forced_before_operations'::int and (select count(*) from public.inventory_reservation_adjustments ra join public.inventory_reservations r on r.id=ra.reservation_id where r.transfer_allocation_id='71000000-0000-0000-0000-000000000076')=:'adjustment_forced_before_adjustments'::int and (select count(*) from public.inventory_ledger_entries where batch_id='71000000-0000-0000-0000-000000000077')=:'adjustment_forced_before_ledger'::int and (select coalesce(sum(quantity_base),0) from public.inventory_balance_projections where location_id='71000000-0000-0000-0000-000000000009' and batch_id='71000000-0000-0000-0000-000000000077' and recording_channel='system' and disposition='available')=:'adjustment_forced_before_source_qty'::numeric and (select coalesce(sum(quantity_base),0) from public.inventory_balance_projections where location_id=(select transit_location_id from public.inventory_transfers where id='71000000-0000-0000-0000-000000000074') and batch_id='71000000-0000-0000-0000-000000000077' and recording_channel='system' and disposition='transit')=:'adjustment_forced_before_transit_qty'::numeric,'forced audit failure rolls back issue command, adjustment, operation and physical posting');
drop trigger transfer_test_adjustment_issue_audit_failure on public.inventory_transfer_events;
drop function public.transfer_test_fail_adjustment_issue_event();

-- Cancellation releases only the reservation amount still derived as
-- remaining.  It creates no physical ledger/projection movement or legacy
-- reservation-event accounting row.
select (select count(*) from public.inventory_ledger_entries where batch_id='71000000-0000-0000-0000-000000000077') as ledger,(select count(*) from public.inventory_balance_projections where batch_id='71000000-0000-0000-0000-000000000077') as projections,(select count(*) from public.inventory_reservation_events re join public.inventory_reservations r on r.id=re.reservation_id where r.transfer_allocation_id='71000000-0000-0000-0000-000000000076') as legacy_events \gset adjustment_cancel_before_
set local role authenticated;
select set_config('request.jwt.claim.role','authenticated',true),set_config('request.jwt.claim.sub','71000000-0000-0000-0000-000000000005',true);
select public.cancel_inventory_transfer('71000000-0000-0000-0000-000000000074','adjustment-cancel-1','adjustment-cancel-hash-0001','release reserved remainder');
reset role;
select public.transfer_test_assert((select count(*)=1 from public.inventory_reservation_adjustments ra join public.inventory_reservations r on r.id=ra.reservation_id where r.transfer_allocation_id='71000000-0000-0000-0000-000000000076' and ra.adjustment_type='manually_released' and ra.quantity_base=4) and (select public.inventory_transfer_reservation_remaining(r.id)=0 from public.inventory_reservations r where r.transfer_allocation_id='71000000-0000-0000-0000-000000000076') and (select count(*) from public.inventory_ledger_entries where batch_id='71000000-0000-0000-0000-000000000077')=:'adjustment_cancel_before_ledger'::int and (select count(*) from public.inventory_balance_projections where batch_id='71000000-0000-0000-0000-000000000077')=:'adjustment_cancel_before_projections'::int and (select count(*) from public.inventory_reservation_events re join public.inventory_reservations r on r.id=re.reservation_id where r.transfer_allocation_id='71000000-0000-0000-0000-000000000076')=:'adjustment_cancel_before_legacy_events'::int,'cancellation releases exact remaining through adjustments without physical or legacy-event accounting effects');

-- Allocation closures release an exact reservation amount; line-unallocated
-- closures intentionally have no reservation linkage or adjustment.
select public.transfer_test_assert(
  exists(select 1 from public.inventory_reservation_adjustments ra join public.inventory_transfer_remainder_closures c on c.id=ra.related_closure_id where c.transfer_id='71000000-0000-0000-0000-000000000087' and ra.adjustment_type='closure_released' and ra.quantity_base=2)
  and not exists(select 1 from public.inventory_transfer_remainder_closures c left join public.inventory_reservation_adjustments ra on ra.related_closure_id=c.id where c.transfer_id='71000000-0000-0000-0000-000000000021' and c.transfer_allocation_id is null and ra.id is not null)
  and not exists(select 1 from public.inventory_reservations r where public.inventory_transfer_reservation_remaining(r.id)<0),
  'allocation closure releases its reservation exactly while line-unallocated closure creates no adjustment'
);

-- Trusted probes exercise the table protections independently of the public
-- functions.  All are rolled back after the expected failure.
savepoint reservation_adjustment_direct_probes;
do $$
declare cmd_cancel uuid:='71000000-0000-0000-0000-000000000097'; cmd_issue uuid:='71000000-0000-0000-0000-000000000098'; cmd_close uuid:='71000000-0000-0000-0000-000000000099'; res_a uuid; res_b uuid; op_a uuid; close_other uuid; begin
  select id into res_a from public.inventory_reservations where transfer_allocation_id='71000000-0000-0000-0000-000000000063';
  select id into res_b from public.inventory_reservations where transfer_allocation_id='71000000-0000-0000-0000-000000000064';
  select id into op_a from public.inventory_transfer_operations where transfer_allocation_id='71000000-0000-0000-0000-000000000063' and operation_type='issue' limit 1;
  select id into close_other from public.inventory_transfer_remainder_closures where transfer_id='71000000-0000-0000-0000-000000000087' limit 1;
  insert into public.inventory_commands(id,tenant_id,organization_id,facility_id,command_type,requester_id,approver_id,idempotency_key,request_hash,payload) values
    (cmd_cancel,'71000000-0000-0000-0000-000000000001','71000000-0000-0000-0000-000000000002','71000000-0000-0000-0000-000000000003','transfer_cancel','71000000-0000-0000-0000-000000000005','71000000-0000-0000-0000-000000000005','adjustment-probe-cancel','adjustment-probe-cancel-hash','{}'),
    (cmd_issue,'71000000-0000-0000-0000-000000000001','71000000-0000-0000-0000-000000000002','71000000-0000-0000-0000-000000000003','transfer_issue','71000000-0000-0000-0000-000000000005','71000000-0000-0000-0000-000000000005','adjustment-probe-issue','adjustment-probe-issue-hash','{}'),
    (cmd_close,'71000000-0000-0000-0000-000000000001','71000000-0000-0000-0000-000000000002','71000000-0000-0000-0000-000000000003','transfer_close_remainder','71000000-0000-0000-0000-000000000005','71000000-0000-0000-0000-000000000005','adjustment-probe-close','adjustment-probe-close-hash','{}');
  begin insert into public.inventory_reservation_adjustments(reservation_id,transfer_allocation_id,transfer_id,command_id,adjustment_type,quantity_base,reason,created_by) values(res_b,'71000000-0000-0000-0000-000000000063','71000000-0000-0000-0000-000000000061',cmd_cancel,'manually_released',1,'bad allocation','71000000-0000-0000-0000-000000000005'); raise exception 'reservation/allocation mismatch did not fail'; exception when others then if position('allocation integrity denied' in sqlerrm)=0 then raise; end if; end;
  begin insert into public.inventory_reservation_adjustments(reservation_id,transfer_allocation_id,transfer_id,command_id,adjustment_type,quantity_base,reason,created_by) values(res_a,'71000000-0000-0000-0000-000000000063','71000000-0000-0000-0000-000000000087',cmd_cancel,'manually_released',1,'bad transfer','71000000-0000-0000-0000-000000000005'); raise exception 'reservation/transfer mismatch did not fail'; exception when others then if position('transfer integrity denied' in sqlerrm)=0 then raise; end if; end;
  begin insert into public.inventory_reservation_adjustments(reservation_id,transfer_allocation_id,transfer_id,command_id,adjustment_type,quantity_base,related_operation_id,reason,created_by) values(res_b,'71000000-0000-0000-0000-000000000064','71000000-0000-0000-0000-000000000061',cmd_issue,'issue_consumed',1,op_a,'bad operation','71000000-0000-0000-0000-000000000005'); raise exception 'mismatched operation did not fail'; exception when others then if position('issue adjustment integrity denied' in sqlerrm)=0 then raise; end if; end;
  begin insert into public.inventory_reservation_adjustments(reservation_id,transfer_allocation_id,transfer_id,command_id,adjustment_type,quantity_base,related_closure_id,reason,created_by) values(res_b,'71000000-0000-0000-0000-000000000064','71000000-0000-0000-0000-000000000061',cmd_close,'closure_released',1,close_other,'bad closure','71000000-0000-0000-0000-000000000005'); raise exception 'mismatched closure did not fail'; exception when others then if position('closure adjustment integrity denied' in sqlerrm)=0 then raise; end if; end;
  begin insert into public.inventory_reservation_adjustments(reservation_id,transfer_allocation_id,transfer_id,command_id,adjustment_type,quantity_base,reason,created_by) values(res_b,'71000000-0000-0000-0000-000000000064','71000000-0000-0000-0000-000000000061',cmd_cancel,'manually_released',4,'over adjustment','71000000-0000-0000-0000-000000000005'); raise exception 'over adjustment did not fail'; exception when others then if position('exceeds reservation quantity' in sqlerrm)=0 then raise; end if; end;
  set constraints all immediate;
end $$;
rollback to savepoint reservation_adjustment_direct_probes;

set local role authenticated;
select set_config('request.jwt.claim.role','authenticated',true),set_config('request.jwt.claim.sub','71000000-0000-0000-0000-000000000005',true);
select public.transfer_test_expect_failure($$insert into public.inventory_reservation_adjustments(reservation_id,transfer_allocation_id,transfer_id,command_id,adjustment_type,quantity_base,reason,created_by) select r.id,r.transfer_allocation_id,'71000000-0000-0000-0000-000000000061',c.id,'manually_released',1,'direct', '71000000-0000-0000-0000-000000000005' from public.inventory_reservations r cross join public.inventory_commands c where r.transfer_allocation_id='71000000-0000-0000-0000-000000000064' and c.idempotency_key='line-bound-issue-b-3-1'$$,'permission denied');
select public.transfer_test_expect_failure($$update public.inventory_reservation_adjustments set reason='direct'$$,'permission denied');
select public.transfer_test_expect_failure($$delete from public.inventory_reservation_adjustments$$,'permission denied');
reset role;
select public.transfer_test_expect_failure($$update public.inventory_reservation_adjustments set reason='trusted mutation'$$,'Posted inventory reservation records are append-only');
select public.transfer_test_expect_failure($$delete from public.inventory_reservation_adjustments$$,'Posted inventory reservation records are append-only');
select public.transfer_test_expect_failure($$update public.inventory_reservations set expires_at=expires_at+interval '1 hour'$$,'Posted inventory reservation records are append-only');
select public.transfer_test_expect_failure($$delete from public.inventory_reservations$$,'Posted inventory reservation records are append-only');
select public.transfer_test_assert(has_table_privilege('authenticated','public.inventory_reservation_adjustments','SELECT') and not has_table_privilege('authenticated','public.inventory_reservation_adjustments','INSERT, UPDATE, DELETE') and not has_function_privilege('authenticated','public.append_inventory_reservation_adjustment(uuid,uuid,uuid,uuid,public.inventory_reservation_adjustment_type,numeric,uuid,uuid,text,jsonb)'::regprocedure,'EXECUTE') and exists(select 1 from pg_trigger t where t.tgrelid='public.inventory_reservation_adjustments'::regclass and t.tgenabled<>'D' and t.tgname='inventory_reservation_adjustments_immutable') and exists(select 1 from pg_trigger t where t.tgrelid='public.inventory_reservations'::regclass and t.tgenabled<>'D' and t.tgname='inventory_reservations_immutable'),'reservation adjustment and reservation tables are append-only and client-write denied');

-- Expiry is a trusted, adjustment-backed ATP release. It must preserve the
-- immutable reservation, avoid legacy and physical accounting writes, attribute
-- command/event/audit records to the supplied authorized actor, and replay once.
insert into public.inventory_transfers(id,tenant_id,organization_id,facility_id,source_location_id,destination_root_location_id,transit_location_id,status,created_by,updated_by)
select '71000000-0000-0000-0000-000000000101',tenant_id,organization_id,facility_id,source_location_id,destination_root_location_id,transit_location_id,'reserved','71000000-0000-0000-0000-000000000005','71000000-0000-0000-0000-000000000005'
from public.inventory_transfers where id=:'transfer_id'::uuid;
insert into public.inventory_transfer_lines(id,transfer_id,inventory_item_profile_id,requested_quantity_base,created_by)
values('71000000-0000-0000-0000-000000000102','71000000-0000-0000-0000-000000000101','71000000-0000-0000-0000-000000000007',1,'71000000-0000-0000-0000-000000000005');
insert into public.inventory_transfer_allocations(id,transfer_line_id,source_location_id,batch_id,recording_channel,planned_quantity_base,created_by)
values('71000000-0000-0000-0000-000000000103','71000000-0000-0000-0000-000000000102','71000000-0000-0000-0000-000000000009','71000000-0000-0000-0000-000000000077','system',1,'71000000-0000-0000-0000-000000000005');
insert into public.inventory_reservations(id,transfer_allocation_id,quantity_base,created_at,expires_at,created_by)
values('71000000-0000-0000-0000-000000000104','71000000-0000-0000-0000-000000000103',1,now()-interval '2 hours',now()-interval '1 hour','71000000-0000-0000-0000-000000000005');

select
  expires_at as expires_at,
  (select count(*) from public.inventory_reservation_events where reservation_id='71000000-0000-0000-0000-000000000104') as legacy_events,
  (select count(*) from public.inventory_reservation_adjustments where reservation_id='71000000-0000-0000-0000-000000000104') as adjustments,
  (select count(*) from public.inventory_commands where requester_id='71000000-0000-0000-0000-000000000005' and idempotency_key='reservation-expiry:71000000-0000-0000-0000-000000000104') as commands,
  (select count(*) from public.inventory_transfer_events where transfer_id='71000000-0000-0000-0000-000000000101') as transfer_events,
  (select count(*) from public.audit_events where entity_type='inventory_transfer' and entity_id='71000000-0000-0000-0000-000000000101') as audit,
  (select count(*) from public.inventory_ledger_entries where batch_id='71000000-0000-0000-0000-000000000077') as ledger,
  (select count(*) from public.inventory_balance_projections where batch_id='71000000-0000-0000-0000-000000000077') as projections
from public.inventory_reservations
where id='71000000-0000-0000-0000-000000000104'
\gset expiry_before_

set local role authenticated;
select set_config('request.jwt.claim.role','authenticated',true),set_config('request.jwt.claim.sub','71000000-0000-0000-0000-000000000005',true);
select public.transfer_test_expect_failure(
  $$select public.expire_inventory_transfer_reservations('71000000-0000-0000-0000-000000000005',100)$$,
  'permission denied'
);
reset role;

select set_config('request.jwt.claim.role','service_role',true);
select public.transfer_test_expect_failure(
  $$select public.expire_inventory_transfer_reservations('71000000-0000-0000-0000-000000000005',null)$$,
  'Inventory reservation expiry invocation is invalid'
);
select public.transfer_test_expect_failure(
  $$select public.expire_inventory_transfer_reservations('71000000-0000-0000-0000-000000000085',100)$$,
  'Inventory reservation expiry actor is not authorized'
);

select public.expire_inventory_transfer_reservations(
  '71000000-0000-0000-0000-000000000005',
  100
) as expiry_first_count
\gset

select public.transfer_test_assert(
  :'expiry_first_count'::int=1,
  'trusted expiry processes one due reservation'
);

select public.transfer_test_assert(
  (select expires_at from public.inventory_reservations where id='71000000-0000-0000-0000-000000000104')=:'expiry_before_expires_at'::timestamptz
  and (select status from public.inventory_transfers where id='71000000-0000-0000-0000-000000000101')='draft'
  and (select public.inventory_transfer_reservation_remaining('71000000-0000-0000-0000-000000000104'))=0
  and (select count(*) from public.inventory_reservation_events where reservation_id='71000000-0000-0000-0000-000000000104')=:'expiry_before_legacy_events'::int
  and (select count(*) from public.inventory_reservation_adjustments where reservation_id='71000000-0000-0000-0000-000000000104' and adjustment_type='expiry_released' and quantity_base=1 and created_by='71000000-0000-0000-0000-000000000005')=1
  and (select count(*) from public.inventory_commands where requester_id='71000000-0000-0000-0000-000000000005' and idempotency_key='reservation-expiry:71000000-0000-0000-0000-000000000104' and command_type='transfer_reservation_expire' and status='posted' and payload->>'result_reservation_id'='71000000-0000-0000-0000-000000000104')=1
  and (select count(*) from public.inventory_transfer_events where transfer_id='71000000-0000-0000-0000-000000000101' and actor_id='71000000-0000-0000-0000-000000000005' and action='inventory.transfer_reservation_expired')=1
  and (select count(*) from public.audit_events where entity_type='inventory_transfer' and entity_id='71000000-0000-0000-0000-000000000101' and actor_id='71000000-0000-0000-0000-000000000005' and action='inventory.transfer_reservation_expired')=1
  and (select count(*) from public.inventory_ledger_entries where batch_id='71000000-0000-0000-0000-000000000077')=:'expiry_before_ledger'::int
  and (select count(*) from public.inventory_balance_projections where batch_id='71000000-0000-0000-0000-000000000077')=:'expiry_before_projections'::int,
  'expiry writes one actor-attributed adjustment, command, event and audit without legacy or physical accounting effects'
);

select public.expire_inventory_transfer_reservations(
  '71000000-0000-0000-0000-000000000005',
  100
) as expiry_replay_count
\gset

select public.transfer_test_assert(
  :'expiry_replay_count'::int=0
  and (select count(*) from public.inventory_reservation_adjustments where reservation_id='71000000-0000-0000-0000-000000000104' and adjustment_type='expiry_released')=1
  and (select count(*) from public.inventory_commands where requester_id='71000000-0000-0000-0000-000000000005' and idempotency_key='reservation-expiry:71000000-0000-0000-0000-000000000104')=1
  and (select count(*) from public.inventory_transfer_events where transfer_id='71000000-0000-0000-0000-000000000101' and action='inventory.transfer_reservation_expired')=1
  and (select count(*) from public.audit_events where entity_type='inventory_transfer' and entity_id='71000000-0000-0000-0000-000000000101' and action='inventory.transfer_reservation_expired')=1,
  'expiry replay has no duplicate command, adjustment, event or audit effect'
);
reset role;

-- The aggregate reservation check is intentionally before transaction posting.
-- One allocation has remaining six: duplicated 4+4 fails, while 3+3 posts
-- one transaction with two operations and two issue_consumed adjustments.
set local role authenticated;
select set_config('request.jwt.claim.role','authenticated',true),set_config('request.jwt.claim.sub','71000000-0000-0000-0000-000000000005',true);
select public.create_inventory_opening_command('71000000-0000-0000-0000-000000000001','71000000-0000-0000-0000-000000000002','71000000-0000-0000-0000-000000000003','opening',jsonb_build_array(jsonb_build_object('profile_id','71000000-0000-0000-0000-000000000007','batch_id','71000000-0000-0000-0000-000000000105','unit_id',:'opening_base_unit','channel','system','account_type','physical','location_id','71000000-0000-0000-0000-000000000009','disposition','available','quantity_base',6),jsonb_build_object('profile_id','71000000-0000-0000-0000-000000000007','batch_id','71000000-0000-0000-0000-000000000105','unit_id',:'opening_base_unit','channel','system','account_type','external_control','quantity_base',-6)),'reservation-aggregate-opening-1','reservation-aggregate-opening-hash-0001','reservation aggregate fixture opening') as reservation_aggregate_opening_command \gset
select public.submit_inventory_command(:'reservation_aggregate_opening_command');
reset role;
set local role authenticated;
select set_config('request.jwt.claim.role','authenticated',true),set_config('request.jwt.claim.sub','71000000-0000-0000-0000-000000000026',true);
select public.approve_inventory_command(:'reservation_aggregate_opening_command') as reservation_aggregate_opening_transaction \gset
reset role;
insert into public.inventory_transfers(id,tenant_id,organization_id,facility_id,source_location_id,destination_root_location_id,transit_location_id,created_by,updated_by)
select '71000000-0000-0000-0000-000000000106',tenant_id,organization_id,facility_id,source_location_id,destination_root_location_id,transit_location_id,'71000000-0000-0000-0000-000000000005','71000000-0000-0000-0000-000000000005' from public.inventory_transfers where id=:'transfer_id'::uuid;
insert into public.inventory_transfer_lines(id,transfer_id,inventory_item_profile_id,requested_quantity_base,created_by) values('71000000-0000-0000-0000-000000000107','71000000-0000-0000-0000-000000000106','71000000-0000-0000-0000-000000000007',6,'71000000-0000-0000-0000-000000000005');
insert into public.inventory_transfer_allocations(id,transfer_line_id,source_location_id,batch_id,recording_channel,planned_quantity_base,created_by) values('71000000-0000-0000-0000-000000000108','71000000-0000-0000-0000-000000000107','71000000-0000-0000-0000-000000000009','71000000-0000-0000-0000-000000000105','system',6,'71000000-0000-0000-0000-000000000005');
set local role authenticated;
select set_config('request.jwt.claim.role','authenticated',true),set_config('request.jwt.claim.sub','71000000-0000-0000-0000-000000000005',true);
select public.reserve_inventory_transfer('71000000-0000-0000-0000-000000000106',now()+interval '1 hour','reservation-aggregate-reserve-1','reservation-aggregate-reserve-hash-0001');
reset role;
select status as status,(select requested_quantity_base from public.inventory_transfer_summary_projection where transfer_line_id='71000000-0000-0000-0000-000000000107') as requested,(select planned_quantity_base from public.inventory_transfer_summary_projection where transfer_line_id='71000000-0000-0000-0000-000000000107') as planned,(select issued_quantity_base from public.inventory_transfer_summary_projection where transfer_line_id='71000000-0000-0000-0000-000000000107') as issued,(select closed_remainder_quantity_base from public.inventory_transfer_summary_projection where transfer_line_id='71000000-0000-0000-0000-000000000107') as closed,(select unissued_quantity_base from public.inventory_transfer_summary_projection where transfer_line_id='71000000-0000-0000-0000-000000000107') as unissued,(select id from public.inventory_reservations where transfer_allocation_id='71000000-0000-0000-0000-000000000108') as reservation_id,(select public.inventory_transfer_reservation_remaining(id) from public.inventory_reservations where transfer_allocation_id='71000000-0000-0000-0000-000000000108') as remaining,(select count(*) from public.inventory_commands where requester_id='71000000-0000-0000-0000-000000000005' and idempotency_key='reservation-aggregate-over-1') as commands,(select count(*) from public.inventory_transactions where command_id in (select id from public.inventory_commands where requester_id='71000000-0000-0000-0000-000000000005' and idempotency_key='reservation-aggregate-over-1')) as transactions,(select count(*) from public.inventory_transfer_operations where transfer_id='71000000-0000-0000-0000-000000000106' and operation_type='issue') as operations,(select count(*) from public.inventory_reservation_adjustments where reservation_id=(select id from public.inventory_reservations where transfer_allocation_id='71000000-0000-0000-0000-000000000108')) as adjustments,(select count(*) from public.inventory_ledger_entries where batch_id='71000000-0000-0000-0000-000000000105') as ledger,(select coalesce(sum(quantity_base),0) from public.inventory_balance_projections where location_id='71000000-0000-0000-0000-000000000009' and batch_id='71000000-0000-0000-0000-000000000105' and recording_channel='system' and disposition='available') as source_qty,(select coalesce(sum(quantity_base),0) from public.inventory_balance_projections where location_id=(select transit_location_id from public.inventory_transfers where id='71000000-0000-0000-0000-000000000106') and batch_id='71000000-0000-0000-0000-000000000105' and recording_channel='system' and disposition='transit') as transit_qty,(select count(*) from public.inventory_events) as inventory_events,(select count(*) from public.inventory_transfer_events where transfer_id='71000000-0000-0000-0000-000000000106') as transfer_events,(select count(*) from public.audit_events where entity_type='inventory_transfer' and entity_id='71000000-0000-0000-0000-000000000106') as audit from public.inventory_transfers where id='71000000-0000-0000-0000-000000000106' \gset reservation_aggregate_before_
set local role authenticated;
select set_config('request.jwt.claim.role','authenticated',true),set_config('request.jwt.claim.sub','71000000-0000-0000-0000-000000000005',true);
select public.transfer_test_expect_failure($$select public.issue_inventory_transfer('71000000-0000-0000-0000-000000000106','[{"transfer_allocation_id":"71000000-0000-0000-0000-000000000108","quantity_base":4},{"transfer_allocation_id":"71000000-0000-0000-0000-000000000108","quantity_base":4}]'::jsonb,'reservation-aggregate-over-1','reservation-aggregate-over-hash-0001','duplicate allocation request')$$,'Inventory transfer issue exceeds reservation remaining quantity');
reset role;
select public.transfer_test_assert((select count(*) from public.inventory_commands where requester_id='71000000-0000-0000-0000-000000000005' and idempotency_key='reservation-aggregate-over-1')=:'reservation_aggregate_before_commands'::int and (select count(*) from public.inventory_transactions where command_id in (select id from public.inventory_commands where requester_id='71000000-0000-0000-0000-000000000005' and idempotency_key='reservation-aggregate-over-1'))=:'reservation_aggregate_before_transactions'::int and (select count(*) from public.inventory_transfer_operations where transfer_id='71000000-0000-0000-0000-000000000106' and operation_type='issue')=:'reservation_aggregate_before_operations'::int and (select count(*) from public.inventory_reservation_adjustments where reservation_id=:'reservation_aggregate_before_reservation_id'::uuid)=:'reservation_aggregate_before_adjustments'::int and (select count(*) from public.inventory_ledger_entries where batch_id='71000000-0000-0000-0000-000000000105')=:'reservation_aggregate_before_ledger'::int and (select coalesce(sum(quantity_base),0) from public.inventory_balance_projections where location_id='71000000-0000-0000-0000-000000000009' and batch_id='71000000-0000-0000-0000-000000000105' and recording_channel='system' and disposition='available')=:'reservation_aggregate_before_source_qty'::numeric and (select coalesce(sum(quantity_base),0) from public.inventory_balance_projections where location_id=(select transit_location_id from public.inventory_transfers where id='71000000-0000-0000-0000-000000000106') and batch_id='71000000-0000-0000-0000-000000000105' and recording_channel='system' and disposition='transit')=:'reservation_aggregate_before_transit_qty'::numeric and (select count(*) from public.inventory_events)=:'reservation_aggregate_before_inventory_events'::int and (select count(*) from public.inventory_transfer_events where transfer_id='71000000-0000-0000-0000-000000000106')=:'reservation_aggregate_before_transfer_events'::int and (select count(*) from public.audit_events where entity_type='inventory_transfer' and entity_id='71000000-0000-0000-0000-000000000106')=:'reservation_aggregate_before_audit'::int and (select public.inventory_transfer_reservation_remaining(:'reservation_aggregate_before_reservation_id'::uuid))=:'reservation_aggregate_before_remaining'::numeric and (select status from public.inventory_transfers where id='71000000-0000-0000-0000-000000000106')=:'reservation_aggregate_before_status' and coalesce((select requested_quantity_base=:'reservation_aggregate_before_requested'::numeric and planned_quantity_base=:'reservation_aggregate_before_planned'::numeric and issued_quantity_base=:'reservation_aggregate_before_issued'::numeric and closed_remainder_quantity_base=:'reservation_aggregate_before_closed'::numeric and unissued_quantity_base=:'reservation_aggregate_before_unissued'::numeric from public.inventory_transfer_summary_projection where transfer_line_id='71000000-0000-0000-0000-000000000107'),false),'duplicate allocation issue is rejected before command, adjustment, transaction, event, audit, ledger, projection, summary or status effects');
set local role authenticated;
select set_config('request.jwt.claim.role','authenticated',true),set_config('request.jwt.claim.sub','71000000-0000-0000-0000-000000000005',true);
select public.issue_inventory_transfer('71000000-0000-0000-0000-000000000106',jsonb_build_array(jsonb_build_object('transfer_allocation_id','71000000-0000-0000-0000-000000000108','quantity_base',3),jsonb_build_object('transfer_allocation_id','71000000-0000-0000-0000-000000000108','quantity_base',3)),'reservation-aggregate-boundary-1','reservation-aggregate-boundary-hash-0001','exact reservation boundary');
reset role;
select public.transfer_test_assert((select count(*)=1 from public.inventory_commands where requester_id='71000000-0000-0000-0000-000000000005' and idempotency_key='reservation-aggregate-boundary-1' and status='posted') and (select count(*)=1 from public.inventory_transactions where command_id=(select id from public.inventory_commands where requester_id='71000000-0000-0000-0000-000000000005' and idempotency_key='reservation-aggregate-boundary-1')) and (select count(*)=2 from public.inventory_transfer_operations where transfer_id='71000000-0000-0000-0000-000000000106' and operation_type='issue' and quantity_base=3) and (select count(*)=2 from public.inventory_reservation_adjustments where reservation_id=:'reservation_aggregate_before_reservation_id'::uuid and adjustment_type='issue_consumed' and quantity_base=3) and (select public.inventory_transfer_reservation_remaining(:'reservation_aggregate_before_reservation_id'::uuid)=0) and not exists(select 1 from (select sum(quantity_base) balance from public.inventory_ledger_entries where transaction_id=(select id from public.inventory_transactions where command_id=(select id from public.inventory_commands where requester_id='71000000-0000-0000-0000-000000000005' and idempotency_key='reservation-aggregate-boundary-1')) group by inventory_item_profile_id,batch_id,recording_channel,inventory_item_unit_id) balanced where balance<>0) and (select coalesce(sum(quantity_base),0)=0 from public.inventory_balance_projections where location_id='71000000-0000-0000-0000-000000000009' and batch_id='71000000-0000-0000-0000-000000000105' and recording_channel='system' and disposition='available') and (select coalesce(sum(quantity_base),0)=6 from public.inventory_balance_projections where location_id=(select transit_location_id from public.inventory_transfers where id='71000000-0000-0000-0000-000000000106') and batch_id='71000000-0000-0000-0000-000000000105' and recording_channel='system' and disposition='transit'),'exact duplicate-grain boundary posts one balanced transaction, two operations, two adjustments and zero remaining');

-- Replay remains command-owned: it must not append more issue operations or
-- reservation adjustments for the duplicate-grain boundary request.
set local role authenticated;
select set_config('request.jwt.claim.role','authenticated',true),set_config('request.jwt.claim.sub','71000000-0000-0000-0000-000000000005',true);
select public.issue_inventory_transfer('71000000-0000-0000-0000-000000000106',jsonb_build_array(jsonb_build_object('transfer_allocation_id','71000000-0000-0000-0000-000000000108','quantity_base',3),jsonb_build_object('transfer_allocation_id','71000000-0000-0000-0000-000000000108','quantity_base',3)),'reservation-aggregate-boundary-1','reservation-aggregate-boundary-hash-0001','exact reservation boundary');
reset role;
select public.transfer_test_assert((select count(*)=1 from public.inventory_commands where requester_id='71000000-0000-0000-0000-000000000005' and idempotency_key='reservation-aggregate-boundary-1' and status='posted') and (select count(*)=2 from public.inventory_transfer_operations where transfer_id='71000000-0000-0000-0000-000000000106' and operation_type='issue' and quantity_base=3) and (select count(*)=2 from public.inventory_reservation_adjustments where reservation_id=:'reservation_aggregate_before_reservation_id'::uuid and adjustment_type='issue_consumed' and quantity_base=3) and (select public.inventory_transfer_reservation_remaining(:'reservation_aggregate_before_reservation_id'::uuid)=0),'duplicate-grain issue replay creates no duplicate operations or adjustments');

-- The exception for issue grains is deliberately narrow.  Direct trusted
-- probes are isolated so only the index behavior is exercised.
savepoint inventory_transfer_operation_grain_probes;
insert into public.inventory_transfer_operations(id,transfer_id,transfer_allocation_id,command_id,transaction_id,operation_type,inventory_item_profile_id,batch_id,recording_channel,source_location_id,destination_location_id,source_disposition,destination_disposition,quantity_base,reason,created_by)
select '71000000-0000-0000-0000-000000000111','71000000-0000-0000-0000-000000000106','71000000-0000-0000-0000-000000000108',c.id,t.id,'issue','71000000-0000-0000-0000-000000000007','71000000-0000-0000-0000-000000000105','system','71000000-0000-0000-0000-000000000009',x.transit_location_id,'available','transit',1,'trusted issue grain probe','71000000-0000-0000-0000-000000000005' from public.inventory_commands c join public.inventory_transactions t on t.command_id=c.id cross join public.inventory_transfers x where c.requester_id='71000000-0000-0000-0000-000000000005' and c.idempotency_key='reservation-aggregate-boundary-1' and x.id='71000000-0000-0000-0000-000000000106';
insert into public.inventory_transfer_operations(id,transfer_id,transfer_allocation_id,command_id,transaction_id,operation_type,inventory_item_profile_id,batch_id,recording_channel,source_location_id,destination_location_id,source_disposition,destination_disposition,quantity_base,reason,created_by)
select '71000000-0000-0000-0000-000000000112','71000000-0000-0000-0000-000000000106','71000000-0000-0000-0000-000000000108',c.id,t.id,'issue','71000000-0000-0000-0000-000000000007','71000000-0000-0000-0000-000000000105','system','71000000-0000-0000-0000-000000000009',x.transit_location_id,'available','transit',1,'trusted issue grain probe','71000000-0000-0000-0000-000000000005' from public.inventory_commands c join public.inventory_transactions t on t.command_id=c.id cross join public.inventory_transfers x where c.requester_id='71000000-0000-0000-0000-000000000005' and c.idempotency_key='reservation-aggregate-boundary-1' and x.id='71000000-0000-0000-0000-000000000106';
select public.transfer_test_assert((select count(*)=2 from public.inventory_transfer_operations where id in ('71000000-0000-0000-0000-000000000111','71000000-0000-0000-0000-000000000112')),'two identical trusted issue grains with distinct IDs are allowed');
do $$
declare cmd uuid; tx uuid; transit uuid;
begin
  select c.id,t.id,x.transit_location_id into cmd,tx,transit from public.inventory_commands c join public.inventory_transactions t on t.command_id=c.id cross join public.inventory_transfers x where c.requester_id='71000000-0000-0000-0000-000000000005' and c.idempotency_key='reservation-aggregate-boundary-1' and x.id='71000000-0000-0000-0000-000000000106';
  insert into public.inventory_transfer_operations(transfer_id,transfer_allocation_id,command_id,transaction_id,operation_type,inventory_item_profile_id,batch_id,recording_channel,source_location_id,destination_location_id,source_disposition,destination_disposition,quantity_base,reason,created_by) values('71000000-0000-0000-0000-000000000106','71000000-0000-0000-0000-000000000108',cmd,tx,'receive','71000000-0000-0000-0000-000000000007','71000000-0000-0000-0000-000000000105','system',transit,'71000000-0000-0000-0000-000000000011','transit','available',1,'trusted receive grain probe','71000000-0000-0000-0000-000000000005');
  begin
    insert into public.inventory_transfer_operations(transfer_id,transfer_allocation_id,command_id,transaction_id,operation_type,inventory_item_profile_id,batch_id,recording_channel,source_location_id,destination_location_id,source_disposition,destination_disposition,quantity_base,reason,created_by) values('71000000-0000-0000-0000-000000000106','71000000-0000-0000-0000-000000000108',cmd,tx,'receive','71000000-0000-0000-0000-000000000007','71000000-0000-0000-0000-000000000105','system',transit,'71000000-0000-0000-0000-000000000011','transit','available',1,'trusted receive grain probe','71000000-0000-0000-0000-000000000005');
    raise exception 'duplicate receive grain did not fail';
  exception when unique_violation then null;
  end;
  insert into public.inventory_transfer_operations(transfer_id,transfer_allocation_id,command_id,transaction_id,operation_type,inventory_item_profile_id,batch_id,recording_channel,source_location_id,destination_location_id,source_disposition,destination_disposition,quantity_base,reason,created_by) values('71000000-0000-0000-0000-000000000106','71000000-0000-0000-0000-000000000108',cmd,tx,'reject','71000000-0000-0000-0000-000000000007','71000000-0000-0000-0000-000000000105','system',transit,transit,'transit','returns_hold',1,'trusted reject grain probe','71000000-0000-0000-0000-000000000005');
  begin
    insert into public.inventory_transfer_operations(transfer_id,transfer_allocation_id,command_id,transaction_id,operation_type,inventory_item_profile_id,batch_id,recording_channel,source_location_id,destination_location_id,source_disposition,destination_disposition,quantity_base,reason,created_by) values('71000000-0000-0000-0000-000000000106','71000000-0000-0000-0000-000000000108',cmd,tx,'reject','71000000-0000-0000-0000-000000000007','71000000-0000-0000-0000-000000000105','system',transit,transit,'transit','returns_hold',1,'trusted reject grain probe','71000000-0000-0000-0000-000000000005');
    raise exception 'duplicate reject grain did not fail';
  exception when unique_violation then null;
  end;
end $$;
select public.transfer_test_assert(exists(select 1 from pg_index i join pg_class c on c.oid=i.indexrelid where c.relname='inventory_transfer_operations_non_issue_command_grain_uidx' and i.indisunique and i.indisvalid and i.indisready and pg_get_expr(i.indpred,i.indrelid) like '%operation_type <>%issue%'),'non-issue command grain index is unique, valid, ready and excludes only issue');
rollback to savepoint inventory_transfer_operation_grain_probes;
\echo 'PASS: inventory Phase Two transfer planning, reservation, idempotency, issue, rejection, return, receipt, status, ledger and audit tests'
rollback;
